run_id,alpha,sigma,lr,layer,delta_t,msd,std_msd,pair_count
alpha_1.2_g_0.25,1.2,0.25,,GLOBAL_MODEL,1,4.399372500269361e-06,2.5989588617850382e-05,383490
alpha_1.2_g_0.25,1.2,0.25,,GLOBAL_MODEL,2,6.739943149225366e-06,3.209521426417169e-05,383480
alpha_1.2_g_0.25,1.2,0.25,,GLOBAL_MODEL,4,1.1587242258571518e-05,4.514859237561454e-05,383460
alpha_1.2_g_0.25,1.2,0.25,,GLOBAL_MODEL,8,1.9835466106384676e-05,6.496558178138712e-05,383420
alpha_1.2_g_0.25,1.2,0.25,,GLOBAL_MODEL,16,3.4008138723699754e-05,9.58746874223448e-05,383340
alpha_1.2_g_0.25,1.2,0.25,,GLOBAL_MODEL,32,5.9050887870546696e-05,0.00014562807500180178,383180
alpha_1.2_g_0.25,1.2,0.25,,GLOBAL_MODEL,64,0.00010809881670686962,0.00022923275379394776,382860
alpha_1.2_g_0.25,1.2,0.25,,GLOBAL_MODEL,128,0.0002276773625443554,0.00042230314717258815,382220
alpha_1.2_g_0.25,1.2,0.25,,classifier.weight,1,2.4003461463836408e-08,2.6511317766675888e-08,38349
alpha_1.2_g_0.25,1.2,0.25,,classifier.weight,2,8.85085410044634e-08,9.82836153217807e-08,38348
alpha_1.2_g_0.25,1.2,0.25,,classifier.weight,4,3.399148028451834e-07,3.829949112063553e-07,38346
alpha_1.2_g_0.25,1.2,0.25,,classifier.weight,8,1.3313360511780564e-06,1.5142048952291427e-06,38342
alpha_1.2_g_0.25,1.2,0.25,,classifier.weight,16,5.269064665564516e-06,6.022526562832839e-06,38334
alpha_1.2_g_0.25,1.2,0.25,,classifier.weight,32,2.0969865075643188e-05,2.4024817102334493e-05,38318
alpha_1.2_g_0.25,1.2,0.25,,classifier.weight,64,8.372879817472585e-05,9.59835175934754e-05,38286
alpha_1.2_g_0.25,1.2,0.25,,classifier.weight,128,0.00033498729204788124,0.0003836188018770934,38222
alpha_1.2_g_0.25,1.2,0.25,,features.0.weight,1,2.5614694401576054e-05,7.188861359255272e-05,38349
alpha_1.2_g_0.25,1.2,0.25,,features.0.weight,2,4.049603391146909e-05,8.799058624512837e-05,38348
alpha_1.2_g_0.25,1.2,0.25,,features.0.weight,4,7.122647436795255e-05,0.0001190442709918867,38346
alpha_1.2_g_0.25,1.2,0.25,,features.0.weight,8,0.00012417938639107057,0.00016142197158688253,38342
alpha_1.2_g_0.25,1.2,0.25,,features.0.weight,16,0.00021406735201780506,0.00022003530961110985,38334
alpha_1.2_g_0.25,1.2,0.25,,features.0.weight,32,0.00036275698002479883,0.0003060316100133758,38318
alpha_1.2_g_0.25,1.2,0.25,,features.0.weight,64,0.0006054927458208277,0.00043283096906104564,38286
alpha_1.2_g_0.25,1.2,0.25,,features.0.weight,128,0.0010349871433453907,0.0006028629479623046,38222
alpha_1.2_g_0.25,1.2,0.25,,features.10.weight,1,6.786083174137083e-08,2.9766252944691194e-07,38349
alpha_1.2_g_0.25,1.2,0.25,,features.10.weight,2,1.1405485567171334e-07,3.5828705874611086e-07,38348
alpha_1.2_g_0.25,1.2,0.25,,features.10.weight,4,2.065214636074824e-07,4.788568183448164e-07,38346
alpha_1.2_g_0.25,1.2,0.25,,features.10.weight,8,3.9150979272203013e-07,6.144152962344085e-07,38342
alpha_1.2_g_0.25,1.2,0.25,,features.10.weight,16,8.208392981645708e-07,8.831086553111235e-07,38334
alpha_1.2_g_0.25,1.2,0.25,,features.10.weight,32,2.0086000607603988e-06,2.1968870226082317e-06,38318
alpha_1.2_g_0.25,1.2,0.25,,features.10.weight,64,5.9873111616262364e-06,8.564939464513161e-06,38286
alpha_1.2_g_0.25,1.2,0.25,,features.10.weight,128,2.097145356858189e-05,3.477666417048807e-05,38222
alpha_1.2_g_0.25,1.2,0.25,,features.12.weight,1,1.1073790916270367e-06,2.7732407063841896e-06,38349
alpha_1.2_g_0.25,1.2,0.25,,features.12.weight,2,1.8155022311992312e-06,3.6227914133560337e-06,38348
alpha_1.2_g_0.25,1.2,0.25,,features.12.weight,4,3.0262989870752563e-06,4.80449865699243e-06,38346
alpha_1.2_g_0.25,1.2,0.25,,features.12.weight,8,4.918495198777877e-06,6.163040486230563e-06,38342
alpha_1.2_g_0.25,1.2,0.25,,features.12.weight,16,7.905800174064103e-06,8.236178778761742e-06,38334
alpha_1.2_g_0.25,1.2,0.25,,features.12.weight,32,1.3055829283662417e-05,1.0534938827027573e-05,38318
alpha_1.2_g_0.25,1.2,0.25,,features.12.weight,64,2.4868191130485533e-05,1.561443626782949e-05,38286
alpha_1.2_g_0.25,1.2,0.25,,features.12.weight,128,6.105703256881892e-05,4.5032309981764444e-05,38222
alpha_1.2_g_0.25,1.2,0.25,,features.14.weight,1,3.232090285198484e-09,5.502945693155345e-09,38349
alpha_1.2_g_0.25,1.2,0.25,,features.14.weight,2,1.1071296769622539e-08,1.8446966228076097e-08,38348
alpha_1.2_g_0.25,1.2,0.25,,features.14.weight,4,4.090842425917068e-08,7.162704709713199e-08,38346
alpha_1.2_g_0.25,1.2,0.25,,features.14.weight,8,1.5697716535885952e-07,2.856700895537607e-07,38342
alpha_1.2_g_0.25,1.2,0.25,,features.14.weight,16,6.146571257492628e-07,1.1439991090079492e-06,38334
alpha_1.2_g_0.25,1.2,0.25,,features.14.weight,32,2.4314420377142627e-06,4.580997262467862e-06,38318
alpha_1.2_g_0.25,1.2,0.25,,features.14.weight,64,9.676536077527225e-06,1.833146589488052e-05,38286
alpha_1.2_g_0.25,1.2,0.25,,features.14.weight,128,3.8628945575988417e-05,7.324169152125093e-05,38222
alpha_1.2_g_0.25,1.2,0.25,,features.16.weight,1,2.3366843576221214e-08,3.8677879034875075e-08,38349
alpha_1.2_g_0.25,1.2,0.25,,features.16.weight,2,9.020070876533568e-08,1.5257019029293663e-07,38348
alpha_1.2_g_0.25,1.2,0.25,,features.16.weight,4,3.5468034214391817e-07,6.069830871043399e-07,38346
alpha_1.2_g_0.25,1.2,0.25,,features.16.weight,8,1.406364794428228e-06,2.421721501876799e-06,38342
alpha_1.2_g_0.25,1.2,0.25,,features.16.weight,16,5.60023493776707e-06,9.674293656995838e-06,38334
alpha_1.2_g_0.25,1.2,0.25,,features.16.weight,32,2.2347444344191278e-05,3.866630866914881e-05,38318
alpha_1.2_g_0.25,1.2,0.25,,features.16.weight,64,8.923904058814048e-05,0.0001544863687162794,38286
alpha_1.2_g_0.25,1.2,0.25,,features.16.weight,128,0.0003560132551209782,0.0006156424419647065,38222
alpha_1.2_g_0.25,1.2,0.25,,features.2.weight,1,5.36894088427702e-06,1.4555836050961706e-05,38349
alpha_1.2_g_0.25,1.2,0.25,,features.2.weight,2,8.317222171665856e-06,1.7339582072206282e-05,38348
alpha_1.2_g_0.25,1.2,0.25,,features.2.weight,4,1.4041634354485525e-05,2.2554884165887397e-05,38346
alpha_1.2_g_0.25,1.2,0.25,,features.2.weight,8,2.3577658647204514e-05,2.9842852249383102e-05,38342
alpha_1.2_g_0.25,1.2,0.25,,features.2.weight,16,3.924831481328904e-05,3.959773394475664e-05,38334
alpha_1.2_g_0.25,1.2,0.25,,features.2.weight,32,6.400749857866673e-05,5.386645048645371e-05,38318
alpha_1.2_g_0.25,1.2,0.25,,features.2.weight,64,0.00010205199598146939,7.364794954144373e-05,38286
alpha_1.2_g_0.25,1.2,0.25,,features.2.weight,128,0.00016651722737618196,9.798767542106322e-05,38222
alpha_1.2_g_0.25,1.2,0.25,,features.4.weight,1,8.181868591144829e-06,2.7516611903806117e-05,38349
alpha_1.2_g_0.25,1.2,0.25,,features.4.weight,2,1.1400811912950214e-05,2.830767981123515e-05,38348
alpha_1.2_g_0.25,1.2,0.25,,features.4.weight,4,1.8880190910402133e-05,3.597461298765457e-05,38346
alpha_1.2_g_0.25,1.2,0.25,,features.4.weight,8,3.06452176863863e-05,4.519899687527043e-05,38342
alpha_1.2_g_0.25,1.2,0.25,,features.4.weight,16,4.880902671659872e-05,5.6058355236070924e-05,38334
alpha_1.2_g_0.25,1.2,0.25,,features.4.weight,32,7.617357136973495e-05,7.081726767308127e-05,38318
alpha_1.2_g_0.25,1.2,0.25,,features.4.weight,64,0.00011719452889966101,9.007768150192897e-05,38286
alpha_1.2_g_0.25,1.2,0.25,,features.4.weight,128,0.00018300698274576597,0.00011294704475243513,38222
alpha_1.2_g_0.25,1.2,0.25,,features.6.weight,1,1.7855423448615225e-06,3.8115917170312864e-06,38349
alpha_1.2_g_0.25,1.2,0.25,,features.6.weight,2,2.4791432066391286e-06,3.758148254706674e-06,38348
alpha_1.2_g_0.25,1.2,0.25,,features.6.weight,4,3.882477199477609e-06,4.697671735398438e-06,38346
alpha_1.2_g_0.25,1.2,0.25,,features.6.weight,8,6.018477376856984e-06,5.704387606473223e-06,38342
alpha_1.2_g_0.25,1.2,0.25,,features.6.weight,16,9.321579683681012e-06,7.0393322802474334e-06,38334
alpha_1.2_g_0.25,1.2,0.25,,features.6.weight,32,1.4289567005885066e-05,8.9293675052739e-06,38318
alpha_1.2_g_0.25,1.2,0.25,,features.6.weight,64,2.2729554142407374e-05,1.1372331331363342e-05,38286
alpha_1.2_g_0.25,1.2,0.25,,features.6.weight,128,4.207672843739665e-05,1.9157987999253445e-05,38222
alpha_1.2_g_0.25,1.2,0.25,,features.8.weight,1,1.8168364621405228e-06,5.404702777256063e-06,38349
alpha_1.2_g_0.25,1.2,0.25,,features.8.weight,2,2.5868826561190034e-06,5.3207469164146735e-06,38348
alpha_1.2_g_0.25,1.2,0.25,,features.8.weight,4,3.873321733466342e-06,6.316700120750763e-06,38346
alpha_1.2_g_0.25,1.2,0.25,,features.8.weight,8,5.729237959863325e-06,7.5674339668801235e-06,38342
alpha_1.2_g_0.25,1.2,0.25,,features.8.weight,16,8.424517804314142e-06,9.031647402292984e-06,38334
alpha_1.2_g_0.25,1.2,0.25,,features.8.weight,32,1.2468080924409841e-05,1.0649659920887685e-05,38318
alpha_1.2_g_0.25,1.2,0.25,,features.8.weight,64,2.001946509182533e-05,1.3339836304728147e-05,38286
alpha_1.2_g_0.25,1.2,0.25,,features.8.weight,128,3.852756465657006e-05,2.290425640950358e-05,38222
alpha_1.2_g_1.0,1.2,1.0,,GLOBAL_MODEL,1,1.7414684061879744e-07,5.4000521807286854e-06,383490
alpha_1.2_g_1.0,1.2,1.0,,GLOBAL_MODEL,2,3.5066882491082943e-07,8.035933886011009e-06,383480
alpha_1.2_g_1.0,1.2,1.0,,GLOBAL_MODEL,4,7.115299797568874e-07,1.230202144015683e-05,383460
alpha_1.2_g_1.0,1.2,1.0,,GLOBAL_MODEL,8,1.4709017515903407e-06,2.2743470494321555e-05,383420
alpha_1.2_g_1.0,1.2,1.0,,GLOBAL_MODEL,16,3.1122455880629026e-06,4.425098256414669e-05,383340
alpha_1.2_g_1.0,1.2,1.0,,GLOBAL_MODEL,32,6.763122233648875e-06,8.473044117772786e-05,383180
alpha_1.2_g_1.0,1.2,1.0,,GLOBAL_MODEL,64,1.5798489951236422e-05,0.00018378664766468712,382860
alpha_1.2_g_1.0,1.2,1.0,,GLOBAL_MODEL,128,4.0927002231442966e-05,0.00040611970083388277,382220
alpha_1.2_g_1.0,1.2,1.0,,classifier.weight,1,1.8958373737181177e-09,1.2320406153402002e-08,38349
alpha_1.2_g_1.0,1.2,1.0,,classifier.weight,2,5.10078203058419e-09,4.230598216634011e-08,38348
alpha_1.2_g_1.0,1.2,1.0,,classifier.weight,4,1.533567526907958e-08,1.4939931131239392e-07,38346
alpha_1.2_g_1.0,1.2,1.0,,classifier.weight,8,5.030086876185906e-08,5.214926942135764e-07,38342
alpha_1.2_g_1.0,1.2,1.0,,classifier.weight,16,1.735371111723685e-07,1.7680143642958134e-06,38334
alpha_1.2_g_1.0,1.2,1.0,,classifier.weight,32,6.068169650056635e-07,5.725137915765352e-06,38318
alpha_1.2_g_1.0,1.2,1.0,,classifier.weight,64,2.0934068220125887e-06,1.745416835749374e-05,38286
alpha_1.2_g_1.0,1.2,1.0,,classifier.weight,128,6.980633372452837e-06,4.852124283376789e-05,38222
alpha_1.2_g_1.0,1.2,1.0,,features.0.weight,1,6.335633454176476e-07,1.3615837612996765e-05,38349
alpha_1.2_g_1.0,1.2,1.0,,features.0.weight,2,1.2582608375740637e-06,1.9548298288531716e-05,38348
alpha_1.2_g_1.0,1.2,1.0,,features.0.weight,4,2.5000278841837826e-06,2.9454624484544e-05,38346
alpha_1.2_g_1.0,1.2,1.0,,features.0.weight,8,5.0377023064410235e-06,5.770892833296039e-05,38342
alpha_1.2_g_1.0,1.2,1.0,,features.0.weight,16,1.0090944427119329e-05,0.00011147133603719138,38334
alpha_1.2_g_1.0,1.2,1.0,,features.0.weight,32,1.9447057915528593e-05,0.00018470769881165233,38318
alpha_1.2_g_1.0,1.2,1.0,,features.0.weight,64,4.153478534556907e-05,0.0003688253427144667,38286
alpha_1.2_g_1.0,1.2,1.0,,features.0.weight,128,0.00010326320164400037,0.0007875786940852097,38222
alpha_1.2_g_1.0,1.2,1.0,,features.10.weight,1,9.16932009384929e-08,3.5525660874059277e-07,38349
alpha_1.2_g_1.0,1.2,1.0,,features.10.weight,2,1.8721463666182745e-07,9.962369542368362e-07,38348
alpha_1.2_g_1.0,1.2,1.0,,features.10.weight,4,3.9156525906857066e-07,2.9236237077229185e-06,38346
alpha_1.2_g_1.0,1.2,1.0,,features.10.weight,8,8.52625025440008e-07,8.1052628564644e-06,38342
alpha_1.2_g_1.0,1.2,1.0,,features.10.weight,16,1.9779207629229257e-06,2.2539523080177983e-05,38334
alpha_1.2_g_1.0,1.2,1.0,,features.10.weight,32,4.872615484370357e-06,6.0798849398069346e-05,38318
alpha_1.2_g_1.0,1.2,1.0,,features.10.weight,64,1.2528009731724332e-05,0.00015247896886680728,38286
alpha_1.2_g_1.0,1.2,1.0,,features.10.weight,128,3.3200061092862635e-05,0.00033717841255518586,38222
alpha_1.2_g_1.0,1.2,1.0,,features.12.weight,1,5.8532015252795976e-08,2.788960652305032e-07,38349
alpha_1.2_g_1.0,1.2,1.0,,features.12.weight,2,1.2332078951656794e-07,7.716590350132649e-07,38348
alpha_1.2_g_1.0,1.2,1.0,,features.12.weight,4,2.7033546355059506e-07,2.300339224479656e-06,38346
alpha_1.2_g_1.0,1.2,1.0,,features.12.weight,8,6.24925400194878e-07,6.711429959666554e-06,38342
alpha_1.2_g_1.0,1.2,1.0,,features.12.weight,16,1.5389665073853711e-06,1.89402598738258e-05,38334
alpha_1.2_g_1.0,1.2,1.0,,features.12.weight,32,3.9961020375620015e-06,5.053123813947559e-05,38318
alpha_1.2_g_1.0,1.2,1.0,,features.12.weight,64,1.076663352836079e-05,0.0001279094913712842,38286
alpha_1.2_g_1.0,1.2,1.0,,features.12.weight,128,2.9267724992029413e-05,0.0002963326475773509,38222
alpha_1.2_g_1.0,1.2,1.0,,features.14.weight,1,3.163486282659946e-08,3.3280742252785753e-07,38349
alpha_1.2_g_1.0,1.2,1.0,,features.14.weight,2,7.416330505619689e-08,1.091507228933962e-06,38348
alpha_1.2_g_1.0,1.2,1.0,,features.14.weight,4,1.862303770256357e-07,3.383603359436421e-06,38346
alpha_1.2_g_1.0,1.2,1.0,,features.14.weight,8,4.969096699186856e-07,9.48484506563375e-06,38342
alpha_1.2_g_1.0,1.2,1.0,,features.14.weight,16,1.3878523024966451e-06,2.491225300775423e-05,38334
alpha_1.2_g_1.0,1.2,1.0,,features.14.weight,32,3.96372452849466e-06,6.230333509934885e-05,38318
alpha_1.2_g_1.0,1.2,1.0,,features.14.weight,64,1.1382107042311223e-05,0.0001500246445649399,38286
alpha_1.2_g_1.0,1.2,1.0,,features.14.weight,128,3.228661405203211e-05,0.0003343780190579537,38222
alpha_1.2_g_1.0,1.2,1.0,,features.16.weight,1,1.8212725817189542e-08,1.6843367011860841e-07,38349
alpha_1.2_g_1.0,1.2,1.0,,features.16.weight,2,4.487048188557445e-08,5.431419793120393e-07,38348
alpha_1.2_g_1.0,1.2,1.0,,features.16.weight,4,1.2134822816339235e-07,1.7200897469991966e-06,38346
alpha_1.2_g_1.0,1.2,1.0,,features.16.weight,8,3.555542949836653e-07,5.26052321922284e-06,38342
alpha_1.2_g_1.0,1.2,1.0,,features.16.weight,16,1.1018935126477405e-06,1.5559707024924163e-05,38334
alpha_1.2_g_1.0,1.2,1.0,,features.16.weight,32,3.4961496242114786e-06,4.444071451834198e-05,38318
alpha_1.2_g_1.0,1.2,1.0,,features.16.weight,64,1.101786658240195e-05,0.00011959896843136443,38286
alpha_1.2_g_1.0,1.2,1.0,,features.16.weight,128,3.387534913554152e-05,0.0002957045639071271,38222
alpha_1.2_g_1.0,1.2,1.0,,features.2.weight,1,3.210008190121535e-07,6.748773901029371e-06,38349
alpha_1.2_g_1.0,1.2,1.0,,features.2.weight,2,6.385248863432278e-07,1.0324369202341593e-05,38348
alpha_1.2_g_1.0,1.2,1.0,,features.2.weight,4,1.2647947793836195e-06,1.565723379751835e-05,38346
alpha_1.2_g_1.0,1.2,1.0,,features.2.weight,8,2.5015961330407077e-06,2.4807233383623518e-05,38342
alpha_1.2_g_1.0,1.2,1.0,,features.2.weight,16,4.968138946251795e-06,4.400936765578775e-05,38334
alpha_1.2_g_1.0,1.2,1.0,,features.2.weight,32,1.0116402387477769e-05,9.25526571917199e-05,38318
alpha_1.2_g_1.0,1.2,1.0,,features.2.weight,64,2.1466712596426593e-05,0.00019851997607310087,38286
alpha_1.2_g_1.0,1.2,1.0,,features.2.weight,128,5.269953934856579e-05,0.0004384419300720365,38222
alpha_1.2_g_1.0,1.2,1.0,,features.4.weight,1,2.2032035955179274e-07,3.632490931833569e-06,38349
alpha_1.2_g_1.0,1.2,1.0,,features.4.weight,2,4.391012272783285e-07,5.576091174872619e-06,38348
alpha_1.2_g_1.0,1.2,1.0,,features.4.weight,4,8.750570262057792e-07,8.776939388787983e-06,38346
alpha_1.2_g_1.0,1.2,1.0,,features.4.weight,8,1.748150893606132e-06,1.5276333575284915e-05,38342
alpha_1.2_g_1.0,1.2,1.0,,features.4.weight,16,3.5406222772690294e-06,3.097878637168907e-05,38334
alpha_1.2_g_1.0,1.2,1.0,,features.4.weight,32,7.408184034326663e-06,7.217401227098604e-05,38318
alpha_1.2_g_1.0,1.2,1.0,,features.4.weight,64,1.6189815459829413e-05,0.00016352658801655281,38286
alpha_1.2_g_1.0,1.2,1.0,,features.4.weight,128,4.0077499199921766e-05,0.0003594714476975776,38222
alpha_1.2_g_1.0,1.2,1.0,,features.6.weight,1,1.9988319131888752e-07,4.912559586026401e-06,38349
alpha_1.2_g_1.0,1.2,1.0,,features.6.weight,2,4.027123552171959e-07,7.835104729496794e-06,38348
alpha_1.2_g_1.0,1.2,1.0,,features.6.weight,4,8.130198202590882e-07,1.2116703508082102e-05,38346
alpha_1.2_g_1.0,1.2,1.0,,features.6.weight,8,1.6514646084826025e-06,1.9540928637712222e-05,38342
alpha_1.2_g_1.0,1.2,1.0,,features.6.weight,16,3.419750984216091e-06,3.58772045714808e-05,38334
alpha_1.2_g_1.0,1.2,1.0,,features.6.weight,32,7.330870416666599e-06,7.8756966276071e-05,38318
alpha_1.2_g_1.0,1.2,1.0,,features.6.weight,64,1.637491028980389e-05,0.00017673557922260127,38286
alpha_1.2_g_1.0,1.2,1.0,,features.6.weight,128,4.0894099010240855e-05,0.00039939991182968884,38222
alpha_1.2_g_1.0,1.2,1.0,,features.8.weight,1,1.6473204867869734e-07,4.7610055821568594e-06,38349
alpha_1.2_g_1.0,1.2,1.0,,features.8.weight,2,3.3341894754472797e-07,7.75827189277589e-06,38348
alpha_1.2_g_1.0,1.2,1.0,,features.8.weight,4,6.77585284459331e-07,1.1983586476782945e-05,38346
alpha_1.2_g_1.0,1.2,1.0,,features.8.weight,8,1.3897883150338446e-06,1.907526998662203e-05,38342
alpha_1.2_g_1.0,1.2,1.0,,features.8.weight,16,2.9228290491477306e-06,3.4168181645362674e-05,38334
alpha_1.2_g_1.0,1.2,1.0,,features.8.weight,32,6.393298942844961e-06,7.29231946604121e-05,38318
alpha_1.2_g_1.0,1.2,1.0,,features.8.weight,64,1.4630652113924379e-05,0.00016330164285093145,38286
alpha_1.2_g_1.0,1.2,1.0,,features.8.weight,128,3.6725300466782346e-05,0.0003734420220355594,38222
alpha_1.2_g_3.0,1.2,3.0,,GLOBAL_MODEL,1,2.350626872565893e-05,0.002153266620011075,383490
alpha_1.2_g_3.0,1.2,3.0,,GLOBAL_MODEL,2,4.674090241895192e-05,0.003103424250314399,383480
alpha_1.2_g_3.0,1.2,3.0,,GLOBAL_MODEL,4,9.226219128392793e-05,0.0045215216533552385,383460
alpha_1.2_g_3.0,1.2,3.0,,GLOBAL_MODEL,8,0.00017992445023400522,0.006670480004487231,383420
alpha_1.2_g_3.0,1.2,3.0,,GLOBAL_MODEL,16,0.00034666215288762695,0.010003523625324456,383340
alpha_1.2_g_3.0,1.2,3.0,,GLOBAL_MODEL,32,0.0006573136120103431,0.015139886230475064,383180
alpha_1.2_g_3.0,1.2,3.0,,GLOBAL_MODEL,64,0.0012189026843929,0.024000194146946475,382860
alpha_1.2_g_3.0,1.2,3.0,,GLOBAL_MODEL,128,0.0021289460224147238,0.03426666433607164,382220
alpha_1.2_g_3.0,1.2,3.0,,classifier.weight,1,1.184493321991843e-08,1.1368926529338306e-07,38349
alpha_1.2_g_3.0,1.2,3.0,,classifier.weight,2,2.7896657943132384e-08,3.441963703191034e-07,38348
alpha_1.2_g_3.0,1.2,3.0,,classifier.weight,4,6.992938232579385e-08,1.0152597028051156e-06,38346
alpha_1.2_g_3.0,1.2,3.0,,classifier.weight,8,1.8405775564274496e-07,2.9032053646220195e-06,38342
alpha_1.2_g_3.0,1.2,3.0,,classifier.weight,16,4.955802620224692e-07,7.759153966782298e-06,38334
alpha_1.2_g_3.0,1.2,3.0,,classifier.weight,32,1.3347717427342117e-06,1.9299294043719687e-05,38318
alpha_1.2_g_3.0,1.2,3.0,,classifier.weight,64,3.5623084985524725e-06,4.458026276807226e-05,38286
alpha_1.2_g_3.0,1.2,3.0,,classifier.weight,128,9.485809213780007e-06,0.00010191355003259475,38222
alpha_1.2_g_3.0,1.2,3.0,,features.0.weight,1,0.0001493674435750333,0.006564953285027699,38349
alpha_1.2_g_3.0,1.2,3.0,,features.0.weight,2,0.0002967267150646528,0.009445685114354606,38348
alpha_1.2_g_3.0,1.2,3.0,,features.0.weight,4,0.0005853710982006431,0.013723705494193245,38346
alpha_1.2_g_3.0,1.2,3.0,,features.0.weight,8,0.0011435818200717016,0.020205506778435897,38342
alpha_1.2_g_3.0,1.2,3.0,,features.0.weight,16,0.0022102644024300923,0.030175896132619055,38334
alpha_1.2_g_3.0,1.2,3.0,,features.0.weight,32,0.004226284357867899,0.04567140217082708,38318
alpha_1.2_g_3.0,1.2,3.0,,features.0.weight,64,0.007865795329248113,0.07286627633964547,38286
alpha_1.2_g_3.0,1.2,3.0,,features.0.weight,128,0.013296036883358215,0.10332276163229318,38222
alpha_1.2_g_3.0,1.2,3.0,,features.10.weight,1,1.7602820161665325e-06,2.6598397485962874e-05,38349
alpha_1.2_g_3.0,1.2,3.0,,features.10.weight,2,3.517206787395639e-06,4.58433728245116e-05,38348
alpha_1.2_g_3.0,1.2,3.0,,features.10.weight,4,7.038417422683963e-06,8.365177742271579e-05,38346
alpha_1.2_g_3.0,1.2,3.0,,features.10.weight,8,1.4407272073366333e-05,0.00017220701390853135,38342
alpha_1.2_g_3.0,1.2,3.0,,features.10.weight,16,2.9038247282142898e-05,0.00034114606716209925,38334
alpha_1.2_g_3.0,1.2,3.0,,features.10.weight,32,5.846654683470063e-05,0.0006736085944993713,38318
alpha_1.2_g_3.0,1.2,3.0,,features.10.weight,64,0.00011601200099585378,0.0011827870904753091,38286
alpha_1.2_g_3.0,1.2,3.0,,features.10.weight,128,0.00023700282691778668,0.002162481524544873,38222
alpha_1.2_g_3.0,1.2,3.0,,features.12.weight,1,7.116236546885546e-07,9.829044916975223e-06,38349
alpha_1.2_g_3.0,1.2,3.0,,features.12.weight,2,1.4628264078406819e-06,1.693010892952525e-05,38348
alpha_1.2_g_3.0,1.2,3.0,,features.12.weight,4,3.0730559427581423e-06,3.3460152376048866e-05,38346
alpha_1.2_g_3.0,1.2,3.0,,features.12.weight,8,6.539179251704549e-06,7.116667370161372e-05,38342
alpha_1.2_g_3.0,1.2,3.0,,features.12.weight,16,1.4059490213568989e-05,0.00015360911884421862,38334
alpha_1.2_g_3.0,1.2,3.0,,features.12.weight,32,3.0645071028788823e-05,0.0003299637115134493,38318
alpha_1.2_g_3.0,1.2,3.0,,features.12.weight,64,6.797246896252207e-05,0.0006758646922539969,38286
alpha_1.2_g_3.0,1.2,3.0,,features.12.weight,128,0.00015234052725745004,0.0013447485323840028,38222
alpha_1.2_g_3.0,1.2,3.0,,features.14.weight,1,4.3452394811622767e-07,5.636456954164183e-06,38349
alpha_1.2_g_3.0,1.2,3.0,,features.14.weight,2,9.083253682570804e-07,1.3022947078091226e-05,38348
alpha_1.2_g_3.0,1.2,3.0,,features.14.weight,4,2.003289644041448e-06,3.35344554385033e-05,38346
alpha_1.2_g_3.0,1.2,3.0,,features.14.weight,8,4.5500943513157995e-06,8.160248358363674e-05,38342
alpha_1.2_g_3.0,1.2,3.0,,features.14.weight,16,1.0646549524682444e-05,0.0001911731588836413,38334
alpha_1.2_g_3.0,1.2,3.0,,features.14.weight,32,2.5116531725041006e-05,0.0004216430996479726,38318
alpha_1.2_g_3.0,1.2,3.0,,features.14.weight,64,5.803140612515285e-05,0.0008386311567138175,38286
alpha_1.2_g_3.0,1.2,3.0,,features.14.weight,128,0.00013483615218948638,0.001583912731966277,38222
alpha_1.2_g_3.0,1.2,3.0,,features.16.weight,1,1.6758085838271978e-07,2.2405116830513333e-06,38349
alpha_1.2_g_3.0,1.2,3.0,,features.16.weight,2,3.859936153147974e-07,6.0236858332233e-06,38348
alpha_1.2_g_3.0,1.2,3.0,,features.16.weight,4,9.348017667066942e-07,1.637413350651345e-05,38346
alpha_1.2_g_3.0,1.2,3.0,,features.16.weight,8,2.384906883129835e-06,4.4233793391001946e-05,38342
alpha_1.2_g_3.0,1.2,3.0,,features.16.weight,16,6.231147481422541e-06,0.00011467916799963583,38334
alpha_1.2_g_3.0,1.2,3.0,,features.16.weight,32,1.6042281907025186e-05,0.0002707116221559689,38318
alpha_1.2_g_3.0,1.2,3.0,,features.16.weight,64,4.022376552778956e-05,0.0005743954609233991,38286
alpha_1.2_g_3.0,1.2,3.0,,features.16.weight,128,0.00010032090428820365,0.0011525109768896844,38222
alpha_1.2_g_3.0,1.2,3.0,,features.2.weight,1,4.897210365352418e-05,0.0017268123096944121,38349
alpha_1.2_g_3.0,1.2,3.0,,features.2.weight,2,9.736169061286921e-05,0.0025304192998696655,38348
alpha_1.2_g_3.0,1.2,3.0,,features.2.weight,4,0.00019233204043082706,0.0037830421522624435,38346
alpha_1.2_g_3.0,1.2,3.0,,features.2.weight,8,0.0003712130044873694,0.005632994772557417,38342
alpha_1.2_g_3.0,1.2,3.0,,features.2.weight,16,0.0007042872385448845,0.00869860820421742,38334
alpha_1.2_g_3.0,1.2,3.0,,features.2.weight,32,0.0012912041659726625,0.01281166679179198,38318
alpha_1.2_g_3.0,1.2,3.0,,features.2.weight,64,0.0023292312890728344,0.018183613753841556,38286
alpha_1.2_g_3.0,1.2,3.0,,features.2.weight,128,0.0042275894834099235,0.02724293950381661,38222
alpha_1.2_g_3.0,1.2,3.0,,features.4.weight,1,1.8182528171408224e-05,0.0003452821015778609,38349
alpha_1.2_g_3.0,1.2,3.0,,features.4.weight,2,3.615258297019152e-05,0.0005434040180385745,38348
alpha_1.2_g_3.0,1.2,3.0,,features.4.weight,4,7.141543837866066e-05,0.0008873920978588229,38346
alpha_1.2_g_3.0,1.2,3.0,,features.4.weight,8,0.00013913792363771723,0.0014669730508978568,38342
alpha_1.2_g_3.0,1.2,3.0,,features.4.weight,16,0.0002670197050200362,0.002493971570139346,38334
alpha_1.2_g_3.0,1.2,3.0,,features.4.weight,32,0.0004971939719676732,0.004073945950579229,38318
alpha_1.2_g_3.0,1.2,3.0,,features.4.weight,64,0.0008993889539937654,0.006366709473037912,38286
alpha_1.2_g_3.0,1.2,3.0,,features.4.weight,128,0.0016000695354473945,0.009948184334060911,38222
alpha_1.2_g_3.0,1.2,3.0,,features.6.weight,1,1.1046779394731148e-05,0.0003711236738180299,38349
alpha_1.2_g_3.0,1.2,3.0,,features.6.weight,2,2.2055491162223148e-05,0.000541680087051301,38348
alpha_1.2_g_3.0,1.2,3.0,,features.6.weight,4,4.309428022174227e-05,0.000799237485527343,38346
alpha_1.2_g_3.0,1.2,3.0,,features.6.weight,8,8.33924047958798e-05,0.001208471961035647,38342
alpha_1.2_g_3.0,1.2,3.0,,features.6.weight,16,0.00015953774207017583,0.0018255384279906258,38334
alpha_1.2_g_3.0,1.2,3.0,,features.6.weight,32,0.000303109091168399,0.0028139606829151475,38318
alpha_1.2_g_3.0,1.2,3.0,,features.6.weight,64,0.0005714877813217612,0.004392944551053621,38286
alpha_1.2_g_3.0,1.2,3.0,,features.6.weight,128,0.0010736678393452196,0.0071248323995661495,38222
alpha_1.2_g_3.0,1.2,3.0,,features.8.weight,1,4.407977051318482e-06,8.73283536415677e-05,38349
alpha_1.2_g_3.0,1.2,3.0,,features.8.weight,2,8.810295542831204e-06,0.00013988098875604416,38348
alpha_1.2_g_3.0,1.2,3.0,,features.8.weight,4,1.728956144889006e-05,0.0002290766243667435,38346
alpha_1.2_g_3.0,1.2,3.0,,features.8.weight,8,3.385383903222464e-05,0.00039313527781400197,38342
alpha_1.2_g_3.0,1.2,3.0,,features.8.weight,16,6.504142604724157e-05,0.0006560632717848109,38334
alpha_1.2_g_3.0,1.2,3.0,,features.8.weight,32,0.00012373932988850653,0.0011173995540694759,38318
alpha_1.2_g_3.0,1.2,3.0,,features.8.weight,64,0.00023732154018265422,0.0018914253974409002,38286
alpha_1.2_g_3.0,1.2,3.0,,features.8.weight,128,0.0004581102627197735,0.0032934375987466753,38222
alpha_1.5_g_0.25,1.5,0.25,,GLOBAL_MODEL,1,2.5458671930179973e-06,9.804178522078176e-06,383490
alpha_1.5_g_0.25,1.5,0.25,,GLOBAL_MODEL,2,2.749381063069121e-06,8.231847604947223e-06,383480
alpha_1.5_g_0.25,1.5,0.25,,GLOBAL_MODEL,4,4.650247621460716e-06,1.3088391790779679e-05,383460
alpha_1.5_g_0.25,1.5,0.25,,GLOBAL_MODEL,8,7.722736333113408e-06,2.031711510392976e-05,383420
alpha_1.5_g_0.25,1.5,0.25,,GLOBAL_MODEL,16,1.2856791939932474e-05,3.119928058812817e-05,383340
alpha_1.5_g_0.25,1.5,0.25,,GLOBAL_MODEL,32,2.2539353437445186e-05,4.754767034659912e-05,383180
alpha_1.5_g_0.25,1.5,0.25,,GLOBAL_MODEL,64,4.5758788391266894e-05,7.8942192247619e-05,382860
alpha_1.5_g_0.25,1.5,0.25,,GLOBAL_MODEL,128,0.000122131381336325,0.00019936964467472132,382220
alpha_1.5_g_0.25,1.5,0.25,,classifier.weight,1,2.639407523109883e-08,1.6951933250803316e-08,38349
alpha_1.5_g_0.25,1.5,0.25,,classifier.weight,2,9.313069095904039e-08,6.515735498665835e-08,38348
alpha_1.5_g_0.25,1.5,0.25,,classifier.weight,4,3.496573246380839e-07,2.5719423181195825e-07,38346
alpha_1.5_g_0.25,1.5,0.25,,classifier.weight,8,1.353579143497616e-06,1.0235283503220842e-06,38342
alpha_1.5_g_0.25,1.5,0.25,,classifier.weight,16,5.325666582684312e-06,4.08530684026947e-06,38334
alpha_1.5_g_0.25,1.5,0.25,,classifier.weight,32,2.1136380687538956e-05,1.632398536178506e-05,38318
alpha_1.5_g_0.25,1.5,0.25,,classifier.weight,64,8.429601609003808e-05,6.526814808120772e-05,38286
alpha_1.5_g_0.25,1.5,0.25,,classifier.weight,128,0.0003372222690538871,0.00026093402412821656,38222
alpha_1.5_g_0.25,1.5,0.25,,features.0.weight,1,1.6046333229342813e-05,2.4162900279710607e-05,38349
alpha_1.5_g_0.25,1.5,0.25,,features.0.weight,2,1.8843288456248453e-05,1.803911338546963e-05,38348
alpha_1.5_g_0.25,1.5,0.25,,features.0.weight,4,3.224804122360559e-05,2.6861147891370397e-05,38346
alpha_1.5_g_0.25,1.5,0.25,,features.0.weight,8,5.375196588771938e-05,3.8524667841978204e-05,38342
alpha_1.5_g_0.25,1.5,0.25,,features.0.weight,16,8.709164646219181e-05,5.512883093731472e-05,38334
alpha_1.5_g_0.25,1.5,0.25,,features.0.weight,32,0.00013696536949234136,7.891372734608384e-05,38318
alpha_1.5_g_0.25,1.5,0.25,,features.0.weight,64,0.0002136549801976835,0.00011258015844823131,38286
alpha_1.5_g_0.25,1.5,0.25,,features.0.weight,128,0.0003834717939199179,0.00018451195380007204,38222
alpha_1.5_g_0.25,1.5,0.25,,features.10.weight,1,3.430494213514138e-08,1.1438135634696977e-07,38349
alpha_1.5_g_0.25,1.5,0.25,,features.10.weight,2,2.563615087420209e-08,5.170776076056572e-08,38348
alpha_1.5_g_0.25,1.5,0.25,,features.10.weight,4,4.870020795882209e-08,7.98819685312771e-08,38346
alpha_1.5_g_0.25,1.5,0.25,,features.10.weight,8,1.0489056810564306e-07,1.1983435744680303e-07,38342
alpha_1.5_g_0.25,1.5,0.25,,features.10.weight,16,2.8467510753675537e-07,2.575752390790542e-07,38334
alpha_1.5_g_0.25,1.5,0.25,,features.10.weight,32,9.563180026528362e-07,9.016572687663745e-07,38318
alpha_1.5_g_0.25,1.5,0.25,,features.10.weight,64,3.575149857508011e-06,3.5338510968664086e-06,38286
alpha_1.5_g_0.25,1.5,0.25,,features.10.weight,128,1.3987394299690905e-05,1.4074605155286983e-05,38222
alpha_1.5_g_0.25,1.5,0.25,,features.12.weight,1,1.34463522922428e-07,2.6568515809390033e-07,38349
alpha_1.5_g_0.25,1.5,0.25,,features.12.weight,2,2.023485781231022e-07,3.370619475128437e-07,38348
alpha_1.5_g_0.25,1.5,0.25,,features.12.weight,4,3.384617594209627e-07,4.87016425337951e-07,38346
alpha_1.5_g_0.25,1.5,0.25,,features.12.weight,8,5.789936698061743e-07,6.703734288634247e-07,38342
alpha_1.5_g_0.25,1.5,0.25,,features.12.weight,16,1.1604818103876027e-06,1.0509663456928346e-06,38334
alpha_1.5_g_0.25,1.5,0.25,,features.12.weight,32,3.001509282051368e-06,2.5187861982514867e-06,38318
alpha_1.5_g_0.25,1.5,0.25,,features.12.weight,64,9.747951625749923e-06,8.590264511470636e-06,38286
alpha_1.5_g_0.25,1.5,0.25,,features.12.weight,128,3.6224036098858045e-05,3.166687822041693e-05,38222
alpha_1.5_g_0.25,1.5,0.25,,features.14.weight,1,3.005401104508759e-09,4.3364674903099986e-09,38349
alpha_1.5_g_0.25,1.5,0.25,,features.14.weight,2,1.101871695308801e-08,1.6917874002457195e-08,38348
alpha_1.5_g_0.25,1.5,0.25,,features.14.weight,4,4.3379467464221854e-08,6.75726812113674e-08,38346
alpha_1.5_g_0.25,1.5,0.25,,features.14.weight,8,1.7221089760788228e-07,2.7011505633500063e-07,38342
alpha_1.5_g_0.25,1.5,0.25,,features.14.weight,16,6.864868076999139e-07,1.08010786079178e-06,38334
alpha_1.5_g_0.25,1.5,0.25,,features.14.weight,32,2.74245270460503e-06,4.319982544122083e-06,38318
alpha_1.5_g_0.25,1.5,0.25,,features.14.weight,64,1.096918440187721e-05,1.7282033555436063e-05,38286
alpha_1.5_g_0.25,1.5,0.25,,features.14.weight,128,4.3918116057609285e-05,6.91448974337334e-05,38222
alpha_1.5_g_0.25,1.5,0.25,,features.16.weight,1,1.803845382122853e-08,1.8367438709047084e-08,38349
alpha_1.5_g_0.25,1.5,0.25,,features.16.weight,2,6.961599882751283e-08,7.33827579019098e-08,38348
alpha_1.5_g_0.25,1.5,0.25,,features.16.weight,4,2.738926942420396e-07,2.932190432171234e-07,38346
alpha_1.5_g_0.25,1.5,0.25,,features.16.weight,8,1.0866079513326695e-06,1.172247184632263e-06,38342
alpha_1.5_g_0.25,1.5,0.25,,features.16.weight,16,4.329281834863212e-06,4.687783396210791e-06,38334
alpha_1.5_g_0.25,1.5,0.25,,features.16.weight,32,1.7288619073261148e-05,1.8749424737630622e-05,38318
alpha_1.5_g_0.25,1.5,0.25,,features.16.weight,64,6.913957203272493e-05,7.499677714364678e-05,38286
alpha_1.5_g_0.25,1.5,0.25,,features.16.weight,128,0.0002768041519983322,0.00029994185361476987,38222
alpha_1.5_g_0.25,1.5,0.25,,features.2.weight,1,5.39685002289618e-06,1.0113699605638244e-05,38349
alpha_1.5_g_0.25,1.5,0.25,,features.2.weight,2,4.709336494923936e-06,5.114081985380953e-06,38348
alpha_1.5_g_0.25,1.5,0.25,,features.2.weight,4,7.830044423588488e-06,7.813648016590535e-06,38346
alpha_1.5_g_0.25,1.5,0.25,,features.2.weight,8,1.2256486424225015e-05,1.084270617711001e-05,38342
alpha_1.5_g_0.25,1.5,0.25,,features.2.weight,16,1.8261038325990903e-05,1.4421442996888002e-05,38334
alpha_1.5_g_0.25,1.5,0.25,,features.2.weight,32,2.630321293450391e-05,1.8994221964515698e-05,38318
alpha_1.5_g_0.25,1.5,0.25,,features.2.weight,64,3.753219371389701e-05,2.4703918918524258e-05,38286
alpha_1.5_g_0.25,1.5,0.25,,features.2.weight,128,6.322334215472324e-05,3.733946448884192e-05,38222
alpha_1.5_g_0.25,1.5,0.25,,features.4.weight,1,2.475972023029279e-06,6.017724293912543e-06,38349
alpha_1.5_g_0.25,1.5,0.25,,features.4.weight,2,2.620341698503411e-06,3.868408241836666e-06,38348
alpha_1.5_g_0.25,1.5,0.25,,features.4.weight,4,3.947534373457523e-06,4.861785016245972e-06,38346
alpha_1.5_g_0.25,1.5,0.25,,features.4.weight,8,5.886360050817944e-06,5.7284106074035546e-06,38342
alpha_1.5_g_0.25,1.5,0.25,,features.4.weight,16,8.578389040082565e-06,6.692338278633745e-06,38334
alpha_1.5_g_0.25,1.5,0.25,,features.4.weight,32,1.2462728807061391e-05,8.027656865382628e-06,38318
alpha_1.5_g_0.25,1.5,0.25,,features.4.weight,64,1.9123763823102972e-05,9.741244549215004e-06,38286
alpha_1.5_g_0.25,1.5,0.25,,features.4.weight,128,3.805599681700825e-05,1.552169879316318e-05,38222
alpha_1.5_g_0.25,1.5,0.25,,features.6.weight,1,1.0393221085448506e-06,2.9786056070716605e-06,38349
alpha_1.5_g_0.25,1.5,0.25,,features.6.weight,2,6.563983426888779e-07,1.2633757079012332e-06,38348
alpha_1.5_g_0.25,1.5,0.25,,features.6.weight,4,1.0478440246319367e-06,1.957863461723141e-06,38346
alpha_1.5_g_0.25,1.5,0.25,,features.6.weight,8,1.5056212286910929e-06,2.4640142391258485e-06,38342
alpha_1.5_g_0.25,1.5,0.25,,features.6.weight,16,2.0274856754010984e-06,2.716997355403162e-06,38334
alpha_1.5_g_0.25,1.5,0.25,,features.6.weight,32,2.893996788681424e-06,3.0631573451414133e-06,38318
alpha_1.5_g_0.25,1.5,0.25,,features.6.weight,64,4.992993445461285e-06,4.198140993629593e-06,38286
alpha_1.5_g_0.25,1.5,0.25,,features.6.weight,128,1.2369668241460972e-05,1.1655423796512395e-05,38222
alpha_1.5_g_0.25,1.5,0.25,,features.8.weight,1,2.8398815115244466e-07,8.995081290352201e-07,38349
alpha_1.5_g_0.25,1.5,0.25,,features.8.weight,2,2.6269550258958753e-07,5.523518485676565e-07,38348
alpha_1.5_g_0.25,1.5,0.25,,features.8.weight,4,3.7492071559949966e-07,6.926812863491033e-07,38346
alpha_1.5_g_0.25,1.5,0.25,,features.8.weight,8,5.306475093306574e-07,7.858543338299747e-07,38342
alpha_1.5_g_0.25,1.5,0.25,,features.8.weight,16,8.227677524865365e-07,8.847644865630693e-07,38334
alpha_1.5_g_0.25,1.5,0.25,,features.8.weight,32,1.6429466017544382e-06,1.1683172621880371e-06,38318
alpha_1.5_g_0.25,1.5,0.25,,features.8.weight,64,4.556078724626016e-06,2.850773705681883e-06,38286
alpha_1.5_g_0.25,1.5,0.25,,features.8.weight,128,1.6037044721762327e-05,1.057143081801788e-05,38222
alpha_1.5_g_1.0,1.5,1.0,,GLOBAL_MODEL,1,2.9142866310019445e-07,2.977491678126138e-05,383490
alpha_1.5_g_1.0,1.5,1.0,,GLOBAL_MODEL,2,5.886185846097442e-07,4.2108140432695634e-05,383480
alpha_1.5_g_1.0,1.5,1.0,,GLOBAL_MODEL,4,1.206329216890909e-06,5.9616644758563095e-05,383460
alpha_1.5_g_1.0,1.5,1.0,,GLOBAL_MODEL,8,2.526628795693168e-06,8.489586147600946e-05,383420
alpha_1.5_g_1.0,1.5,1.0,,GLOBAL_MODEL,16,5.422266607603456e-06,0.00012302173884610624,383340
alpha_1.5_g_1.0,1.5,1.0,,GLOBAL_MODEL,32,1.1975334367422833e-05,0.00018670647406277298,383180
alpha_1.5_g_1.0,1.5,1.0,,GLOBAL_MODEL,64,2.764018009954538e-05,0.0003136683312134623,382860
alpha_1.5_g_1.0,1.5,1.0,,GLOBAL_MODEL,128,6.777680656952606e-05,0.0005782177683080823,382220
alpha_1.5_g_1.0,1.5,1.0,,classifier.weight,1,2.9628962553754926e-09,1.7498160097530782e-08,38349
alpha_1.5_g_1.0,1.5,1.0,,classifier.weight,2,8.019933322030422e-09,6.387596937385515e-08,38348
alpha_1.5_g_1.0,1.5,1.0,,classifier.weight,4,2.4188772109289507e-08,2.371506281749262e-07,38346
alpha_1.5_g_1.0,1.5,1.0,,classifier.weight,8,7.932278492816837e-08,8.666756555230484e-07,38342
alpha_1.5_g_1.0,1.5,1.0,,classifier.weight,16,2.715484055858474e-07,3.0098919045372663e-06,38334
alpha_1.5_g_1.0,1.5,1.0,,classifier.weight,32,9.346244347508216e-07,9.735599273215049e-06,38318
alpha_1.5_g_1.0,1.5,1.0,,classifier.weight,64,3.150367103795374e-06,2.8905833142861757e-05,38286
alpha_1.5_g_1.0,1.5,1.0,,classifier.weight,128,1.0253061828016402e-05,7.7915268113619e-05,38222
alpha_1.5_g_1.0,1.5,1.0,,features.0.weight,1,1.3730958169831152e-06,9.305204512178421e-05,38349
alpha_1.5_g_1.0,1.5,1.0,,features.0.weight,2,2.7510346847084e-06,0.00013157276654120388,38348
alpha_1.5_g_1.0,1.5,1.0,,features.0.weight,4,5.5451071824006174e-06,0.00018614014493974497,38346
alpha_1.5_g_1.0,1.5,1.0,,features.0.weight,8,1.127494881738964e-05,0.0002639755683688941,38342
alpha_1.5_g_1.0,1.5,1.0,,features.0.weight,16,2.3112707007876108e-05,0.0003769423029217645,38334
alpha_1.5_g_1.0,1.5,1.0,,features.0.weight,32,4.788833753324157e-05,0.000547669102690616,38318
alpha_1.5_g_1.0,1.5,1.0,,features.0.weight,64,0.00010308456807713272,0.0008380781463952421,38286
alpha_1.5_g_1.0,1.5,1.0,,features.0.weight,128,0.00023670252095839552,0.0013881946732822495,38222
alpha_1.5_g_1.0,1.5,1.0,,features.10.weight,1,5.6967315547625436e-08,1.7140672811684082e-07,38349
alpha_1.5_g_1.0,1.5,1.0,,features.10.weight,2,1.2286573637695643e-07,5.621305985090662e-07,38348
alpha_1.5_g_1.0,1.5,1.0,,features.10.weight,4,2.793760435411394e-07,1.9575984654564364e-06,38346
alpha_1.5_g_1.0,1.5,1.0,,features.10.weight,8,6.796829312997074e-07,6.7765944124346525e-06,38342
alpha_1.5_g_1.0,1.5,1.0,,features.10.weight,16,1.757018978846092e-06,2.1755681701840706e-05,38334
alpha_1.5_g_1.0,1.5,1.0,,features.10.weight,32,4.711721217606529e-06,6.267809402677255e-05,38318
alpha_1.5_g_1.0,1.5,1.0,,features.10.weight,64,1.2814025454436469e-05,0.00015930859914726906,38286
alpha_1.5_g_1.0,1.5,1.0,,features.10.weight,128,3.5268492856386604e-05,0.0003595673180528683,38222
alpha_1.5_g_1.0,1.5,1.0,,features.12.weight,1,3.6462043499601714e-08,1.5842181173116545e-07,38349
alpha_1.5_g_1.0,1.5,1.0,,features.12.weight,2,8.22072746062492e-08,5.126369956783335e-07,38348
alpha_1.5_g_1.0,1.5,1.0,,features.12.weight,4,1.995803253196137e-07,1.7721628635668101e-06,38346
alpha_1.5_g_1.0,1.5,1.0,,features.12.weight,8,5.268033794277891e-07,6.1280756733406495e-06,38342
alpha_1.5_g_1.0,1.5,1.0,,features.12.weight,16,1.4844870563419779e-06,1.9919993423928738e-05,38334
alpha_1.5_g_1.0,1.5,1.0,,features.12.weight,32,4.294965108677099e-06,5.8786191161761404e-05,38318
alpha_1.5_g_1.0,1.5,1.0,,features.12.weight,64,1.2342936664897257e-05,0.00015395222564024638,38286
alpha_1.5_g_1.0,1.5,1.0,,features.12.weight,128,3.4823212724137684e-05,0.000355239759610058,38222
alpha_1.5_g_1.0,1.5,1.0,,features.14.weight,1,2.0854323904262576e-08,1.3645086415708604e-07,38349
alpha_1.5_g_1.0,1.5,1.0,,features.14.weight,2,5.216700111484229e-08,4.890783070962531e-07,38348
alpha_1.5_g_1.0,1.5,1.0,,features.14.weight,4,1.4406341221434047e-07,1.7779454108678606e-06,38346
alpha_1.5_g_1.0,1.5,1.0,,features.14.weight,8,4.326317016265743e-07,6.298446202548428e-06,38342
alpha_1.5_g_1.0,1.5,1.0,,features.14.weight,16,1.3533852101184732e-06,2.0665648145332892e-05,38334
alpha_1.5_g_1.0,1.5,1.0,,features.14.weight,32,4.213000970000403e-06,6.105940230378302e-05,38318
alpha_1.5_g_1.0,1.5,1.0,,features.14.weight,64,1.2706913356746788e-05,0.00016073328713503377,38286
alpha_1.5_g_1.0,1.5,1.0,,features.14.weight,128,3.690064310779048e-05,0.0003778785810597791,38222
alpha_1.5_g_1.0,1.5,1.0,,features.16.weight,1,1.935555386026867e-08,1.3182197724552878e-07,38349
alpha_1.5_g_1.0,1.5,1.0,,features.16.weight,2,5.0501853994260185e-08,4.726378051794537e-07,38348
alpha_1.5_g_1.0,1.5,1.0,,features.16.weight,4,1.4615676121549186e-07,1.7193273120569274e-06,38346
alpha_1.5_g_1.0,1.5,1.0,,features.16.weight,8,4.595116390727849e-07,6.135359306777883e-06,38342
alpha_1.5_g_1.0,1.5,1.0,,features.16.weight,16,1.5035991121424824e-06,2.0608523755161637e-05,38334
alpha_1.5_g_1.0,1.5,1.0,,features.16.weight,32,4.905811633755843e-06,6.323227038242787e-05,38318
alpha_1.5_g_1.0,1.5,1.0,,features.16.weight,64,1.552918511764265e-05,0.00017391418551110239,38286
alpha_1.5_g_1.0,1.5,1.0,,features.16.weight,128,4.7364016901841305e-05,0.00042957639216858735,38222
alpha_1.5_g_1.0,1.5,1.0,,features.2.weight,1,4.438172950912774e-07,8.317529473270219e-06,38349
alpha_1.5_g_1.0,1.5,1.0,,features.2.weight,2,8.884474480737565e-07,1.1778038959114856e-05,38348
alpha_1.5_g_1.0,1.5,1.0,,features.2.weight,4,1.7938890660502278e-06,1.691241675999725e-05,38346
alpha_1.5_g_1.0,1.5,1.0,,features.2.weight,8,3.670167036437347e-06,2.6482995422914098e-05,38342
alpha_1.5_g_1.0,1.5,1.0,,features.2.weight,16,7.5924552260267406e-06,4.725580255759335e-05,38334
alpha_1.5_g_1.0,1.5,1.0,,features.2.weight,32,1.6011180162309204e-05,9.757028582284673e-05,38318
alpha_1.5_g_1.0,1.5,1.0,,features.2.weight,64,3.533627567595288e-05,0.0002233032547261696,38286
alpha_1.5_g_1.0,1.5,1.0,,features.2.weight,128,8.507394638018531e-05,0.0004964166552296525,38222
alpha_1.5_g_1.0,1.5,1.0,,features.4.weight,1,3.387060846028205e-07,6.339229416936293e-06,38349
alpha_1.5_g_1.0,1.5,1.0,,features.4.weight,2,6.809943847504822e-07,9.011726659286356e-06,38348
alpha_1.5_g_1.0,1.5,1.0,,features.4.weight,4,1.3834948634784454e-06,1.304542497814092e-05,38346
alpha_1.5_g_1.0,1.5,1.0,,features.4.weight,8,2.8541133356261802e-06,2.0871765905110185e-05,38342
alpha_1.5_g_1.0,1.5,1.0,,features.4.weight,16,5.973349808490286e-06,3.930047921817567e-05,38334
alpha_1.5_g_1.0,1.5,1.0,,features.4.weight,32,1.2752815807347015e-05,8.58553033025599e-05,38318
alpha_1.5_g_1.0,1.5,1.0,,features.4.weight,64,2.8325951891211288e-05,0.00020117293969341732,38286
alpha_1.5_g_1.0,1.5,1.0,,features.4.weight,128,6.748017691088526e-05,0.000439887062941032,38222
alpha_1.5_g_1.0,1.5,1.0,,features.6.weight,1,3.424055017858742e-07,7.555855660901044e-06,38349
alpha_1.5_g_1.0,1.5,1.0,,features.6.weight,2,6.871125545523096e-07,1.0704674963585719e-05,38348
alpha_1.5_g_1.0,1.5,1.0,,features.6.weight,4,1.396458710077635e-06,1.5393302875369543e-05,38346
alpha_1.5_g_1.0,1.5,1.0,,features.6.weight,8,2.8868781664006098e-06,2.406882613691813e-05,38342
alpha_1.5_g_1.0,1.5,1.0,,features.6.weight,16,6.059140592176584e-06,4.3561864773987125e-05,38334
alpha_1.5_g_1.0,1.5,1.0,,features.6.weight,32,1.2911590920634357e-05,9.03545887561991e-05,38318
alpha_1.5_g_1.0,1.5,1.0,,features.6.weight,64,2.8233007128809318e-05,0.0002044322431248934,38286
alpha_1.5_g_1.0,1.5,1.0,,features.6.weight,128,6.539879875112557e-05,0.0004301403869389726,38222
alpha_1.5_g_1.0,1.5,1.0,,features.8.weight,1,2.7965979947172336e-07,6.2190116567573e-06,38349
alpha_1.5_g_1.0,1.5,1.0,,features.8.weight,2,5.628349745981556e-07,8.821587842439689e-06,38348
alpha_1.5_g_1.0,1.5,1.0,,features.8.weight,4,1.1509770325022878e-06,1.2736303643334361e-05,38346
alpha_1.5_g_1.0,1.5,1.0,,features.8.weight,8,2.402228164722881e-06,2.0297625096269745e-05,38342
alpha_1.5_g_1.0,1.5,1.0,,features.8.weight,16,5.114974678429966e-06,3.802506391636431e-05,38334
alpha_1.5_g_1.0,1.5,1.0,,features.8.weight,32,1.1129295885905488e-05,8.208997927325762e-05,38318
alpha_1.5_g_1.0,1.5,1.0,,features.8.weight,64,2.4878570524829082e-05,0.0001902514683056873,38286
alpha_1.5_g_1.0,1.5,1.0,,features.8.weight,128,5.85031952764965e-05,0.0004082782834097402,38222
alpha_1.5_g_3.0,1.5,3.0,,GLOBAL_MODEL,1,2.3958651311461852e-05,0.001842520476709014,383490
alpha_1.5_g_3.0,1.5,3.0,,GLOBAL_MODEL,2,4.776056472493486e-05,0.0026760203082627928,383480
alpha_1.5_g_3.0,1.5,3.0,,GLOBAL_MODEL,4,9.490853696465253e-05,0.003965122623188127,383460
alpha_1.5_g_3.0,1.5,3.0,,GLOBAL_MODEL,8,0.00018751389903917136,0.006211113005929641,383420
alpha_1.5_g_3.0,1.5,3.0,,GLOBAL_MODEL,16,0.0003545520809881087,0.009060037717916485,383340
alpha_1.5_g_3.0,1.5,3.0,,GLOBAL_MODEL,32,0.00064408648236853,0.012339809907008453,383180
alpha_1.5_g_3.0,1.5,3.0,,GLOBAL_MODEL,64,0.0011683994680264508,0.01815186399919744,382860
alpha_1.5_g_3.0,1.5,3.0,,GLOBAL_MODEL,128,0.002088294889882336,0.027881693857116308,382220
alpha_1.5_g_3.0,1.5,3.0,,classifier.weight,1,1.0813470557417121e-08,8.07122711746532e-08,38349
alpha_1.5_g_3.0,1.5,3.0,,classifier.weight,2,2.5886449863551537e-08,2.4368511835781335e-07,38348
alpha_1.5_g_3.0,1.5,3.0,,classifier.weight,4,6.780440331514079e-08,7.975238232119867e-07,38346
alpha_1.5_g_3.0,1.5,3.0,,classifier.weight,8,1.9169421509580182e-07,2.614034631738246e-06,38342
alpha_1.5_g_3.0,1.5,3.0,,classifier.weight,16,5.639308051490804e-07,8.182264360693034e-06,38334
alpha_1.5_g_3.0,1.5,3.0,,classifier.weight,32,1.6464179362493494e-06,2.3211756740381948e-05,38318
alpha_1.5_g_3.0,1.5,3.0,,classifier.weight,64,4.663693160872201e-06,5.8945111090191536e-05,38286
alpha_1.5_g_3.0,1.5,3.0,,classifier.weight,128,1.2790257663800286e-05,0.00014021182707333539,38222
alpha_1.5_g_3.0,1.5,3.0,,features.0.weight,1,0.00015185473909990653,0.005702970217521844,38349
alpha_1.5_g_3.0,1.5,3.0,,features.0.weight,2,0.00030226056837239683,0.008267223575499751,38348
alpha_1.5_g_3.0,1.5,3.0,,features.0.weight,4,0.000599715133586476,0.012215335120602203,38346
alpha_1.5_g_3.0,1.5,3.0,,features.0.weight,8,0.0011821641500104018,0.01908428208637198,38342
alpha_1.5_g_3.0,1.5,3.0,,features.0.weight,16,0.002198136154234918,0.027627903313808665,38334
alpha_1.5_g_3.0,1.5,3.0,,features.0.weight,32,0.0038778860137494925,0.037095295485826775,38318
alpha_1.5_g_3.0,1.5,3.0,,features.0.weight,64,0.006867347653099557,0.05380109861865202,38286
alpha_1.5_g_3.0,1.5,3.0,,features.0.weight,128,0.01194174398570947,0.08174013919192996,38222
alpha_1.5_g_3.0,1.5,3.0,,features.10.weight,1,2.3209462486129005e-06,3.107067658825412e-05,38349
alpha_1.5_g_3.0,1.5,3.0,,features.10.weight,2,4.676245747566476e-06,5.017994579647645e-05,38348
alpha_1.5_g_3.0,1.5,3.0,,features.10.weight,4,9.490400471993114e-06,8.774114850358795e-05,38346
alpha_1.5_g_3.0,1.5,3.0,,features.10.weight,8,1.9267802950903545e-05,0.0001639055599580203,38342
alpha_1.5_g_3.0,1.5,3.0,,features.10.weight,16,3.9747061084912116e-05,0.0003361139100515739,38334
alpha_1.5_g_3.0,1.5,3.0,,features.10.weight,32,8.150648126635746e-05,0.000673156588346313,38318
alpha_1.5_g_3.0,1.5,3.0,,features.10.weight,64,0.00016823177143873673,0.001353382678546104,38286
alpha_1.5_g_3.0,1.5,3.0,,features.10.weight,128,0.0003487359680215724,0.0025798245107669106,38222
alpha_1.5_g_3.0,1.5,3.0,,features.12.weight,1,1.143317583530572e-06,2.2047267703144517e-05,38349
alpha_1.5_g_3.0,1.5,3.0,,features.12.weight,2,2.327429455381329e-06,3.399215179613419e-05,38348
alpha_1.5_g_3.0,1.5,3.0,,features.12.weight,4,4.791300198648691e-06,5.586323985551388e-05,38346
alpha_1.5_g_3.0,1.5,3.0,,features.12.weight,8,9.984251609761813e-06,0.00010149711476737741,38342
alpha_1.5_g_3.0,1.5,3.0,,features.12.weight,16,2.143239779182447e-05,0.00021406925717363831,38334
alpha_1.5_g_3.0,1.5,3.0,,features.12.weight,32,4.640826978409604e-05,0.0004606524262387153,38318
alpha_1.5_g_3.0,1.5,3.0,,features.12.weight,64,0.00010017164302615901,0.0009452980436367431,38286
alpha_1.5_g_3.0,1.5,3.0,,features.12.weight,128,0.0002181740536738895,0.001794499723084237,38222
alpha_1.5_g_3.0,1.5,3.0,,features.14.weight,1,2.690996314524956e-07,1.959295868719897e-06,38349
alpha_1.5_g_3.0,1.5,3.0,,features.14.weight,2,5.827234488860085e-07,4.86539102509612e-06,38348
alpha_1.5_g_3.0,1.5,3.0,,features.14.weight,4,1.3324933632156314e-06,1.347254392814072e-05,38346
alpha_1.5_g_3.0,1.5,3.0,,features.14.weight,8,3.223146928813432e-06,3.884432685748948e-05,38342
alpha_1.5_g_3.0,1.5,3.0,,features.14.weight,16,8.155547417088526e-06,0.00010997270548560083,38334
alpha_1.5_g_3.0,1.5,3.0,,features.14.weight,32,2.083892438063197e-05,0.0002845576208296585,38318
alpha_1.5_g_3.0,1.5,3.0,,features.14.weight,64,5.2532457674630275e-05,0.0006516613289449965,38286
alpha_1.5_g_3.0,1.5,3.0,,features.14.weight,128,0.00013171039521570977,0.001392398467190719,38222
alpha_1.5_g_3.0,1.5,3.0,,features.16.weight,1,1.4377440168320518e-07,1.195579720602985e-06,38349
alpha_1.5_g_3.0,1.5,3.0,,features.16.weight,2,3.300149312058567e-07,3.2582815971465704e-06,38348
alpha_1.5_g_3.0,1.5,3.0,,features.16.weight,4,8.205547900850824e-07,9.943700758199147e-06,38346
alpha_1.5_g_3.0,1.5,3.0,,features.16.weight,8,2.1895263640289417e-06,3.0658625979241976e-05,38342
alpha_1.5_g_3.0,1.5,3.0,,features.16.weight,16,6.099891440786431e-06,9.166029745689989e-05,38334
alpha_1.5_g_3.0,1.5,3.0,,features.16.weight,32,1.6932474419310423e-05,0.0002480682501922018,38318
alpha_1.5_g_3.0,1.5,3.0,,features.16.weight,64,4.59255052401247e-05,0.0006017572038071407,38286
alpha_1.5_g_3.0,1.5,3.0,,features.16.weight,128,0.00012154233292035518,0.0013694526098637998,38222
alpha_1.5_g_3.0,1.5,3.0,,features.2.weight,1,5.007936502306688e-05,0.00115135767019232,38349
alpha_1.5_g_3.0,1.5,3.0,,features.2.weight,2,9.988985706465386e-05,0.0017231337245365488,38348
alpha_1.5_g_3.0,1.5,3.0,,features.2.weight,4,0.00019835484817925356,0.0026571679778431842,38346
alpha_1.5_g_3.0,1.5,3.0,,features.2.weight,8,0.0003910616230576598,0.004278537069102737,38342
alpha_1.5_g_3.0,1.5,3.0,,features.2.weight,16,0.0007452138858960378,0.006808762807567029,38334
alpha_1.5_g_3.0,1.5,3.0,,features.2.weight,32,0.0013768002568168675,0.01050490468293435,38318
alpha_1.5_g_3.0,1.5,3.0,,features.2.weight,64,0.0025072520523029738,0.01691446480581779,38286
alpha_1.5_g_3.0,1.5,3.0,,features.2.weight,128,0.004463340270878001,0.02733250898225482,38222
alpha_1.5_g_3.0,1.5,3.0,,features.4.weight,1,2.08223879409817e-05,0.0002611652654832001,38349
alpha_1.5_g_3.0,1.5,3.0,,features.4.weight,2,4.161071667449073e-05,0.00042657802879164436,38348
alpha_1.5_g_3.0,1.5,3.0,,features.4.weight,4,8.26395079268283e-05,0.0007243315116282528,38346
alpha_1.5_g_3.0,1.5,3.0,,features.4.weight,8,0.0001635265098398389,0.0012892464991711451,38342
alpha_1.5_g_3.0,1.5,3.0,,features.4.weight,16,0.0003196393046787667,0.002345629562879561,38334
alpha_1.5_g_3.0,1.5,3.0,,features.4.weight,32,0.0006117225959245824,0.004200324651061701,38318
alpha_1.5_g_3.0,1.5,3.0,,features.4.weight,64,0.0011462601239076355,0.007320398994155993,38286
alpha_1.5_g_3.0,1.5,3.0,,features.4.weight,128,0.0021081784260025874,0.01251849620081558,38222
alpha_1.5_g_3.0,1.5,3.0,,features.6.weight,1,8.651576495462425e-06,8.340861499753536e-05,38349
alpha_1.5_g_3.0,1.5,3.0,,features.6.weight,2,1.7302601875832476e-05,0.00014626098502714337,38348
alpha_1.5_g_3.0,1.5,3.0,,features.6.weight,4,3.4568647259024764e-05,0.0002673513130815393,38346
alpha_1.5_g_3.0,1.5,3.0,,features.6.weight,8,6.876172096177238e-05,0.0005016368148641205,38342
alpha_1.5_g_3.0,1.5,3.0,,features.6.weight,16,0.00013649939051543498,0.0009700582871106968,38334
alpha_1.5_g_3.0,1.5,3.0,,features.6.weight,32,0.00026708278382539844,0.0018447754503023203,38318
alpha_1.5_g_3.0,1.5,3.0,,features.6.weight,64,0.0005152059972244468,0.003397044736617507,38286
alpha_1.5_g_3.0,1.5,3.0,,features.6.weight,128,0.0009856833722754975,0.006037627333821049,38222
alpha_1.5_g_3.0,1.5,3.0,,features.8.weight,1,4.290493219364417e-06,4.8383836317883985e-05,38349
alpha_1.5_g_3.0,1.5,3.0,,features.8.weight,2,8.599603229071385e-06,8.331418404949134e-05,38348
alpha_1.5_g_3.0,1.5,3.0,,features.8.weight,4,1.730467946768504e-05,0.00014973813384668488,38346
alpha_1.5_g_3.0,1.5,3.0,,features.8.weight,8,3.476856445343714e-05,0.00027952885466337205,38342
alpha_1.5_g_3.0,1.5,3.0,,features.8.weight,16,7.003324601616897e-05,0.0005497875742969088,38334
alpha_1.5_g_3.0,1.5,3.0,,features.8.weight,32,0.00014004060558231324,0.0010867508067149943,38318
alpha_1.5_g_3.0,1.5,3.0,,features.8.weight,64,0.0002764037831893732,0.00202645482555042,38286
alpha_1.5_g_3.0,1.5,3.0,,features.8.weight,128,0.0005510498364624726,0.0036957852133868,38222
alpha_2.0_g_0.25,2.0,0.25,,GLOBAL_MODEL,1,3.461711187515937e-16,1.1343980066550972e-16,383490
alpha_2.0_g_0.25,2.0,0.25,,GLOBAL_MODEL,2,1.2339657527277706e-15,4.0199991924608464e-16,383480
alpha_2.0_g_0.25,2.0,0.25,,GLOBAL_MODEL,4,4.634806850215815e-15,1.5060541769568682e-15,383460
alpha_2.0_g_0.25,2.0,0.25,,GLOBAL_MODEL,8,1.7937645445075747e-14,5.8216458698935355e-15,383420
alpha_2.0_g_0.25,2.0,0.25,,GLOBAL_MODEL,16,7.055144064222751e-14,2.2884534558339783e-14,383340
alpha_2.0_g_0.25,2.0,0.25,,GLOBAL_MODEL,32,2.798530441806995e-13,9.075195148774215e-14,383180
alpha_2.0_g_0.25,2.0,0.25,,GLOBAL_MODEL,64,1.1150760472717882e-12,3.6156689096020814e-13,382860
alpha_2.0_g_0.25,2.0,0.25,,GLOBAL_MODEL,128,4.453313399704979e-12,1.4439825500489936e-12,382220
alpha_2.0_g_0.25,2.0,0.25,,classifier.weight,1,3.9672442252269656e-17,2.9764173251065422e-18,38349
alpha_2.0_g_0.25,2.0,0.25,,classifier.weight,2,1.4069247971828808e-16,7.865288888976903e-18,38348
alpha_2.0_g_0.25,2.0,0.25,,classifier.weight,4,5.267738539149663e-16,2.113689153465659e-17,38346
alpha_2.0_g_0.25,2.0,0.25,,classifier.weight,8,2.0351772704162466e-15,5.643409734306193e-17,38342
alpha_2.0_g_0.25,2.0,0.25,,classifier.weight,16,7.997236818182194e-15,1.486649361882254e-16,38334
alpha_2.0_g_0.25,2.0,0.25,,classifier.weight,32,3.1708074735420846e-14,3.7400353802861043e-16,38318
alpha_2.0_g_0.25,2.0,0.25,,classifier.weight,64,1.2631522386116117e-13,8.550768216272034e-16,38286
alpha_2.0_g_0.25,2.0,0.25,,classifier.weight,128,5.044331520323728e-13,2.0318269727834305e-15,38222
alpha_2.0_g_0.25,2.0,0.25,,features.0.weight,1,5.079609816512985e-16,2.8037349547323927e-17,38349
alpha_2.0_g_0.25,2.0,0.25,,features.0.weight,2,1.819664506083115e-15,7.178567387823597e-17,38348
alpha_2.0_g_0.25,2.0,0.25,,features.0.weight,4,6.8547233839815795e-15,1.9142005559042374e-16,38346
alpha_2.0_g_0.25,2.0,0.25,,features.0.weight,8,2.6572111521924864e-14,5.101636425243226e-16,38342
alpha_2.0_g_0.25,2.0,0.25,,features.0.weight,16,1.0459999478465993e-13,1.3298007312496256e-15,38334
alpha_2.0_g_0.25,2.0,0.25,,features.0.weight,32,4.1508656815286904e-13,3.233817476680456e-15,38318
alpha_2.0_g_0.25,2.0,0.25,,features.0.weight,64,1.6542464375079395e-12,6.993970518129444e-15,38286
alpha_2.0_g_0.25,2.0,0.25,,features.0.weight,128,6.60715431142566e-12,1.5243382427995626e-14,38222
alpha_2.0_g_0.25,2.0,0.25,,features.10.weight,1,3.8217562715276683e-16,2.3111737742491608e-17,38349
alpha_2.0_g_0.25,2.0,0.25,,features.10.weight,2,1.3580425769099877e-15,5.770930656186418e-17,38348
alpha_2.0_g_0.25,2.0,0.25,,features.10.weight,4,5.091297462926997e-15,1.511382286364477e-16,38346
alpha_2.0_g_0.25,2.0,0.25,,features.10.weight,8,1.968417134631896e-14,3.979275664998832e-16,38342
alpha_2.0_g_0.25,2.0,0.25,,features.10.weight,16,7.737939277551861e-14,1.0268995130606644e-15,38334
alpha_2.0_g_0.25,2.0,0.25,,features.10.weight,32,3.068538149965367e-13,2.5099556539873427e-15,38318
alpha_2.0_g_0.25,2.0,0.25,,features.10.weight,64,1.2225084501272108e-12,5.4163113230871334e-15,38286
alpha_2.0_g_0.25,2.0,0.25,,features.10.weight,128,4.882123470129716e-12,1.1552924139960536e-14,38222
alpha_2.0_g_0.25,2.0,0.25,,features.12.weight,1,3.845055684047726e-16,2.3012415177286236e-17,38349
alpha_2.0_g_0.25,2.0,0.25,,features.12.weight,2,1.3705248666005037e-15,5.717856127291906e-17,38348
alpha_2.0_g_0.25,2.0,0.25,,features.12.weight,4,5.147525163597328e-15,1.4960090749727068e-16,38346
alpha_2.0_g_0.25,2.0,0.25,,features.12.weight,8,1.9921352252174716e-14,3.937947866637503e-16,38342
alpha_2.0_g_0.25,2.0,0.25,,features.12.weight,16,7.835271765429426e-14,1.022223737113974e-15,38334
alpha_2.0_g_0.25,2.0,0.25,,features.12.weight,32,3.1079731192373184e-13,2.509439870669491e-15,38318
alpha_2.0_g_0.25,2.0,0.25,,features.12.weight,64,1.2383687838075312e-12,5.379398612707418e-15,38286
alpha_2.0_g_0.25,2.0,0.25,,features.12.weight,128,4.94569967880159e-12,1.1547395475011607e-14,38222
alpha_2.0_g_0.25,2.0,0.25,,features.14.weight,1,3.6662055170701683e-16,2.1765437732142954e-17,38349
alpha_2.0_g_0.25,2.0,0.25,,features.14.weight,2,1.3030382168382612e-15,5.3613385139464363e-17,38348
alpha_2.0_g_0.25,2.0,0.25,,features.14.weight,4,4.885685653102182e-15,1.3940269268039567e-16,38346
alpha_2.0_g_0.25,2.0,0.25,,features.14.weight,8,1.8890113907396124e-14,3.65442048137933e-16,38342
alpha_2.0_g_0.25,2.0,0.25,,features.14.weight,16,7.425961146310922e-14,9.431629067231945e-16,38334
alpha_2.0_g_0.25,2.0,0.25,,features.14.weight,32,2.9448693090578274e-13,2.3005597662315496e-15,38318
alpha_2.0_g_0.25,2.0,0.25,,features.14.weight,64,1.1732423290207227e-12,4.92805112623991e-15,38286
alpha_2.0_g_0.25,2.0,0.25,,features.14.weight,128,4.685373183625581e-12,1.0679035458886643e-14,38222
alpha_2.0_g_0.25,2.0,0.25,,features.16.weight,1,3.601538055043404e-16,2.1213227499117846e-17,38349
alpha_2.0_g_0.25,2.0,0.25,,features.16.weight,2,1.2790072420150524e-15,5.220447591636859e-17,38348
alpha_2.0_g_0.25,2.0,0.25,,features.16.weight,4,4.7931963716196456e-15,1.357321931436933e-16,38346
alpha_2.0_g_0.25,2.0,0.25,,features.16.weight,8,1.8527429179799692e-14,3.555395299183427e-16,38342
alpha_2.0_g_0.25,2.0,0.25,,features.16.weight,16,7.282332945772161e-14,9.182503987773504e-16,38334
alpha_2.0_g_0.25,2.0,0.25,,features.16.weight,32,2.8877104201274364e-13,2.248292554831682e-15,38318
alpha_2.0_g_0.25,2.0,0.25,,features.16.weight,64,1.1504322005462682e-12,4.847551882850607e-15,38286
alpha_2.0_g_0.25,2.0,0.25,,features.16.weight,128,4.594225556650978e-12,1.0570594488660118e-14,38222
alpha_2.0_g_0.25,2.0,0.25,,features.2.weight,1,3.6533874045752997e-16,2.240888130027145e-17,38349
alpha_2.0_g_0.25,2.0,0.25,,features.2.weight,2,1.3074085447896482e-15,5.666533880011908e-17,38348
alpha_2.0_g_0.25,2.0,0.25,,features.2.weight,4,4.922161162681412e-15,1.4956373066263877e-16,38346
alpha_2.0_g_0.25,2.0,0.25,,features.2.weight,8,1.9074427388772224e-14,3.968480531781996e-16,38342
alpha_2.0_g_0.25,2.0,0.25,,features.2.weight,16,7.507363117737339e-14,1.0270840679898495e-15,38334
alpha_2.0_g_0.25,2.0,0.25,,features.2.weight,32,2.978936855520709e-13,2.49004298616054e-15,38318
alpha_2.0_g_0.25,2.0,0.25,,features.2.weight,64,1.187148256456847e-12,5.316186812167215e-15,38286
alpha_2.0_g_0.25,2.0,0.25,,features.2.weight,128,4.741465523726202e-12,1.1350891097157508e-14,38222
alpha_2.0_g_0.25,2.0,0.25,,features.4.weight,1,3.4570460133524134e-16,2.0673088134968614e-17,38349
alpha_2.0_g_0.25,2.0,0.25,,features.4.weight,2,1.2325363014936152e-15,5.15365411738425e-17,38348
alpha_2.0_g_0.25,2.0,0.25,,features.4.weight,4,4.630039103581543e-15,1.3507426559264538e-16,38346
alpha_2.0_g_0.25,2.0,0.25,,features.4.weight,8,1.7920483648343254e-14,3.569079700131362e-16,38342
alpha_2.0_g_0.25,2.0,0.25,,features.4.weight,16,7.04866624442338e-14,9.25242247838703e-16,38334
alpha_2.0_g_0.25,2.0,0.25,,features.4.weight,32,2.7960009994332525e-13,2.2494942682606207e-15,38318
alpha_2.0_g_0.25,2.0,0.25,,features.4.weight,64,1.1140742857020268e-12,4.86661572389362e-15,38286
alpha_2.0_g_0.25,2.0,0.25,,features.4.weight,128,4.449316095596631e-12,1.0369234960261695e-14,38222
alpha_2.0_g_0.25,2.0,0.25,,features.6.weight,1,3.5890843488478724e-16,2.1760330400738444e-17,38349
alpha_2.0_g_0.25,2.0,0.25,,features.6.weight,2,1.281411119605982e-15,5.460599907329377e-17,38348
alpha_2.0_g_0.25,2.0,0.25,,features.6.weight,4,4.817672295801388e-15,1.4374433457425394e-16,38346
alpha_2.0_g_0.25,2.0,0.25,,features.6.weight,8,1.8655339115866728e-14,3.804010132419655e-16,38342
alpha_2.0_g_0.25,2.0,0.25,,features.6.weight,16,7.339468490520372e-14,9.8583257254705e-16,38334
alpha_2.0_g_0.25,2.0,0.25,,features.6.weight,32,2.9117035700624025e-13,2.402607566705458e-15,38318
alpha_2.0_g_0.25,2.0,0.25,,features.6.weight,64,1.1602442353017604e-12,5.159993154462074e-15,38286
alpha_2.0_g_0.25,2.0,0.25,,features.6.weight,128,4.633825167614352e-12,1.104437555287455e-14,38222
alpha_2.0_g_0.25,2.0,0.25,,features.8.weight,1,3.506704341659137e-16,2.1292719076326356e-17,38349
alpha_2.0_g_0.25,2.0,0.25,,features.8.weight,2,1.2473316732232511e-15,5.308287913369824e-17,38348
alpha_2.0_g_0.25,2.0,0.25,,features.8.weight,4,4.6789940509511114e-15,1.3893850404883263e-16,38346
alpha_2.0_g_0.25,2.0,0.25,,features.8.weight,8,1.8095848819744664e-14,3.6542565047391553e-16,38342
alpha_2.0_g_0.25,2.0,0.25,,features.8.weight,16,7.114714494197839e-14,9.46086800358557e-16,38334
alpha_2.0_g_0.25,2.0,0.25,,features.8.weight,32,2.8216255657827367e-13,2.311979526574402e-15,38318
alpha_2.0_g_0.25,2.0,0.25,,features.8.weight,64,1.1241802703864142e-12,4.955899315692265e-15,38286
alpha_2.0_g_0.25,2.0,0.25,,features.8.weight,128,4.489517857446705e-12,1.0466735467425632e-14,38222
alpha_2.0_g_1.0,2.0,1.0,,GLOBAL_MODEL,1,7.666077937874489e-08,1.359725019404616e-07,383490
alpha_2.0_g_1.0,2.0,1.0,,GLOBAL_MODEL,2,1.6178628528201498e-07,4.498843865699189e-07,383480
alpha_2.0_g_1.0,2.0,1.0,,GLOBAL_MODEL,4,3.566771749500496e-07,1.6209567918066258e-06,383460
alpha_2.0_g_1.0,2.0,1.0,,GLOBAL_MODEL,8,8.380605023248382e-07,5.881504551478725e-06,383420
alpha_2.0_g_1.0,2.0,1.0,,GLOBAL_MODEL,16,2.1270708321254926e-06,2.0569888654701704e-05,383340
alpha_2.0_g_1.0,2.0,1.0,,GLOBAL_MODEL,32,5.765536079880833e-06,6.584558261323122e-05,383180
alpha_2.0_g_1.0,2.0,1.0,,GLOBAL_MODEL,64,1.6287678769213143e-05,0.00018442336281409958,382860
alpha_2.0_g_1.0,2.0,1.0,,GLOBAL_MODEL,128,4.709694532759543e-05,0.0004434770728584184,382220
alpha_2.0_g_1.0,2.0,1.0,,classifier.weight,1,3.3263880699828455e-09,1.3912205068707119e-08,38349
alpha_2.0_g_1.0,2.0,1.0,,classifier.weight,2,8.027429125494129e-09,5.1263193837034795e-08,38348
alpha_2.0_g_1.0,2.0,1.0,,classifier.weight,4,2.1382325475496222e-08,1.9124431958312076e-07,38346
alpha_2.0_g_1.0,2.0,1.0,,classifier.weight,8,6.283205692323279e-08,7.029628582449748e-07,38342
alpha_2.0_g_1.0,2.0,1.0,,classifier.weight,16,1.9801189173767789e-07,2.4820156542139376e-06,38334
alpha_2.0_g_1.0,2.0,1.0,,classifier.weight,32,6.361104627710203e-07,8.05533841651724e-06,38318
alpha_2.0_g_1.0,2.0,1.0,,classifier.weight,64,1.992375679104572e-06,2.3027963412515815e-05,38286
alpha_2.0_g_1.0,2.0,1.0,,classifier.weight,128,5.969648270849471e-06,5.669442955852624e-05,38222
alpha_2.0_g_1.0,2.0,1.0,,features.0.weight,1,2.1810276197568678e-07,1.447290356042654e-07,38349
alpha_2.0_g_1.0,2.0,1.0,,features.0.weight,2,4.466204406966051e-07,5.012270549769304e-07,38348
alpha_2.0_g_1.0,2.0,1.0,,features.0.weight,4,9.352696787924126e-07,1.8625508920853366e-06,38346
alpha_2.0_g_1.0,2.0,1.0,,features.0.weight,8,2.0355039123449216e-06,6.897305240724701e-06,38342
alpha_2.0_g_1.0,2.0,1.0,,features.0.weight,16,4.711065009615954e-06,2.4583813514838357e-05,38334
alpha_2.0_g_1.0,2.0,1.0,,features.0.weight,32,1.1857185533383104e-05,8.070021071550542e-05,38318
alpha_2.0_g_1.0,2.0,1.0,,features.0.weight,64,3.314270030895437e-05,0.00023515322327983068,38286
alpha_2.0_g_1.0,2.0,1.0,,features.0.weight,128,0.00010268116524337226,0.000600744194493086,38222
alpha_2.0_g_1.0,2.0,1.0,,features.10.weight,1,4.022350489873953e-08,1.2234911823809226e-07,38349
alpha_2.0_g_1.0,2.0,1.0,,features.10.weight,2,9.019244704940503e-08,4.50121355854937e-07,38348
alpha_2.0_g_1.0,2.0,1.0,,features.10.weight,4,2.179352577571132e-07,1.6742273968486674e-06,38346
alpha_2.0_g_1.0,2.0,1.0,,features.10.weight,8,5.749388224263042e-07,6.106734018670313e-06,38342
alpha_2.0_g_1.0,2.0,1.0,,features.10.weight,16,1.637589327405129e-06,2.126122371166833e-05,38334
alpha_2.0_g_1.0,2.0,1.0,,features.10.weight,32,4.812817779804172e-06,6.73203440381274e-05,38318
alpha_2.0_g_1.0,2.0,1.0,,features.10.weight,64,1.3903331288051876e-05,0.00018473910317033402,38286
alpha_2.0_g_1.0,2.0,1.0,,features.10.weight,128,3.862864008640387e-05,0.0004291137813521421,38222
alpha_2.0_g_1.0,2.0,1.0,,features.12.weight,1,3.0209713491322224e-08,1.233942080118613e-07,38349
alpha_2.0_g_1.0,2.0,1.0,,features.12.weight,2,7.057647148903086e-08,4.541422501500884e-07,38348
alpha_2.0_g_1.0,2.0,1.0,,features.12.weight,4,1.8015973967801927e-07,1.6853671436408513e-06,38346
alpha_2.0_g_1.0,2.0,1.0,,features.12.weight,8,5.044542211905672e-07,6.129468726656109e-06,38342
alpha_2.0_g_1.0,2.0,1.0,,features.12.weight,16,1.5129021044926212e-06,2.1277570671177112e-05,38334
alpha_2.0_g_1.0,2.0,1.0,,features.12.weight,32,4.607634238048494e-06,6.719100241858172e-05,38318
alpha_2.0_g_1.0,2.0,1.0,,features.12.weight,64,1.3564802086383762e-05,0.00018418010559324478,38286
alpha_2.0_g_1.0,2.0,1.0,,features.12.weight,128,3.785236935105691e-05,0.00042776139065080893,38222
alpha_2.0_g_1.0,2.0,1.0,,features.14.weight,1,2.5857054350016852e-08,1.2300332839145398e-07,38349
alpha_2.0_g_1.0,2.0,1.0,,features.14.weight,2,6.238826801099921e-08,4.53207250678577e-07,38348
alpha_2.0_g_1.0,2.0,1.0,,features.14.weight,4,1.6579109279820716e-07,1.6830860392918747e-06,38346
alpha_2.0_g_1.0,2.0,1.0,,features.14.weight,8,4.836561897181976e-07,6.130295460178398e-06,38342
alpha_2.0_g_1.0,2.0,1.0,,features.14.weight,16,1.50304327530902e-06,2.1375935653610896e-05,38334
alpha_2.0_g_1.0,2.0,1.0,,features.14.weight,32,4.7085801569768455e-06,6.804796387245847e-05,38318
alpha_2.0_g_1.0,2.0,1.0,,features.14.weight,64,1.4171542797578864e-05,0.00018894330802641938,38286
alpha_2.0_g_1.0,2.0,1.0,,features.14.weight,128,4.018403840662904e-05,0.00044663906143716946,38222
alpha_2.0_g_1.0,2.0,1.0,,features.16.weight,1,2.583867234330217e-08,1.223148943278106e-07,38349
alpha_2.0_g_1.0,2.0,1.0,,features.16.weight,2,6.288492208068868e-08,4.494234030555802e-07,38348
alpha_2.0_g_1.0,2.0,1.0,,features.16.weight,4,1.6895037927967512e-07,1.6691717617734592e-06,38346
alpha_2.0_g_1.0,2.0,1.0,,features.16.weight,8,4.992024562761271e-07,6.098759449578676e-06,38342
alpha_2.0_g_1.0,2.0,1.0,,features.16.weight,16,1.573216557059971e-06,2.1402064096300146e-05,38334
alpha_2.0_g_1.0,2.0,1.0,,features.16.weight,32,5.009568783172219e-06,6.88120362361513e-05,38318
alpha_2.0_g_1.0,2.0,1.0,,features.16.weight,64,1.5387666002923746e-05,0.00019388374817566983,38286
alpha_2.0_g_1.0,2.0,1.0,,features.16.weight,128,4.47253189998995e-05,0.00046762782976329245,38222
alpha_2.0_g_1.0,2.0,1.0,,features.2.weight,1,1.6482214209249958e-07,1.2834392218331353e-07,38349
alpha_2.0_g_1.0,2.0,1.0,,features.2.weight,2,3.3678185995031146e-07,4.555643540507723e-07,38348
alpha_2.0_g_1.0,2.0,1.0,,features.2.weight,4,7.024906474934575e-07,1.6992133584386641e-06,38346
alpha_2.0_g_1.0,2.0,1.0,,features.2.weight,8,1.517179901258808e-06,6.263056646986818e-06,38342
alpha_2.0_g_1.0,2.0,1.0,,features.2.weight,16,3.4592669883849686e-06,2.209227499062377e-05,38334
alpha_2.0_g_1.0,2.0,1.0,,features.2.weight,32,8.473542863280214e-06,7.124554461940825e-05,38318
alpha_2.0_g_1.0,2.0,1.0,,features.2.weight,64,2.2659431091336857e-05,0.0002016331028649596,38286
alpha_2.0_g_1.0,2.0,1.0,,features.2.weight,128,6.621022442626797e-05,0.0004936763621225838,38222
alpha_2.0_g_1.0,2.0,1.0,,features.4.weight,1,1.2166903423417596e-07,1.2066662429448868e-07,38349
alpha_2.0_g_1.0,2.0,1.0,,features.4.weight,2,2.5037290689414406e-07,4.360770647037264e-07,38348
alpha_2.0_g_1.0,2.0,1.0,,features.4.weight,4,5.289765725800498e-07,1.627654272261538e-06,38346
alpha_2.0_g_1.0,2.0,1.0,,features.4.weight,8,1.1659493372221148e-06,5.9847150659303805e-06,38342
alpha_2.0_g_1.0,2.0,1.0,,features.4.weight,16,2.730131276763758e-06,2.1047093003307045e-05,38334
alpha_2.0_g_1.0,2.0,1.0,,features.4.weight,32,6.841318744102028e-06,6.757312414459216e-05,38318
alpha_2.0_g_1.0,2.0,1.0,,features.4.weight,64,1.8322872312447124e-05,0.00018959787194754868,38286
alpha_2.0_g_1.0,2.0,1.0,,features.4.weight,128,5.197364510725459e-05,0.0004553988818267376,38222
alpha_2.0_g_1.0,2.0,1.0,,features.6.weight,1,8.266663842926828e-08,1.1979225270293798e-07,38349
alpha_2.0_g_1.0,2.0,1.0,,features.6.weight,2,1.734303685660001e-07,4.384826291754895e-07,38348
alpha_2.0_g_1.0,2.0,1.0,,features.6.weight,4,3.785797591091389e-07,1.6342279107597343e-06,38346
alpha_2.0_g_1.0,2.0,1.0,,features.6.weight,8,8.759762357902538e-07,5.9822617788745974e-06,38342
alpha_2.0_g_1.0,2.0,1.0,,features.6.weight,16,2.1781286532915547e-06,2.0941867059164584e-05,38334
alpha_2.0_g_1.0,2.0,1.0,,features.6.weight,32,5.75716578439251e-06,6.679735939242052e-05,38318
alpha_2.0_g_1.0,2.0,1.0,,features.6.weight,64,1.5784099464109034e-05,0.0001853206401098483,38286
alpha_2.0_g_1.0,2.0,1.0,,features.6.weight,128,4.403434726034366e-05,0.0004371091607636288,38222
alpha_2.0_g_1.0,2.0,1.0,,features.8.weight,1,5.389188390245466e-08,1.1700636321313714e-07,38349
alpha_2.0_g_1.0,2.0,1.0,,features.8.weight,2,1.1658773895747114e-07,4.3054992644249176e-07,38348
alpha_2.0_g_1.0,2.0,1.0,,features.8.weight,4,2.672362965369263e-07,1.6039354613641704e-06,38346
alpha_2.0_g_1.0,2.0,1.0,,features.8.weight,8,6.609118900978556e-07,5.859054475722826e-06,38342
alpha_2.0_g_1.0,2.0,1.0,,features.8.weight,16,1.7673532371942726e-06,2.0428731315171078e-05,38334
alpha_2.0_g_1.0,2.0,1.0,,features.8.weight,32,4.951436452877726e-06,6.470133011994825e-05,38318
alpha_2.0_g_1.0,2.0,1.0,,features.8.weight,64,1.394796666124125e-05,0.00017733247978684287,38286
alpha_2.0_g_1.0,2.0,1.0,,features.8.weight,128,3.871005612387704e-05,0.0004119480986676954,38222
alpha_2.0_g_3.0,2.0,3.0,,GLOBAL_MODEL,1,1.9822625136597247e-06,3.839789438875459e-05,383490
alpha_2.0_g_3.0,2.0,3.0,,GLOBAL_MODEL,2,3.9440063597994455e-06,7.626417315454807e-05,383480
alpha_2.0_g_3.0,2.0,3.0,,GLOBAL_MODEL,4,7.825715627195217e-06,0.00015138277415339296,383460
alpha_2.0_g_3.0,2.0,3.0,,GLOBAL_MODEL,8,1.5445640742705928e-05,0.00029864141957430026,383420
alpha_2.0_g_3.0,2.0,3.0,,GLOBAL_MODEL,16,3.033656585607135e-05,0.0005842092076294843,383340
alpha_2.0_g_3.0,2.0,3.0,,GLOBAL_MODEL,32,5.94363381948663e-05,0.0011282475504694573,383180
alpha_2.0_g_3.0,2.0,3.0,,GLOBAL_MODEL,64,0.00011769513296523144,0.002112385697993878,382860
alpha_2.0_g_3.0,2.0,3.0,,GLOBAL_MODEL,128,0.0002492825411290691,0.004021155681845261,382220
alpha_2.0_g_3.0,2.0,3.0,,classifier.weight,1,6.351572788831682e-09,8.372392086106232e-08,38349
alpha_2.0_g_3.0,2.0,3.0,,classifier.weight,2,1.7278669322424076e-08,2.566036022504766e-07,38348
alpha_2.0_g_3.0,2.0,3.0,,classifier.weight,4,5.2011342731811504e-08,8.532278692188153e-07,38346
alpha_2.0_g_3.0,2.0,3.0,,classifier.weight,8,1.685303265407429e-07,2.940626083881373e-06,38342
alpha_2.0_g_3.0,2.0,3.0,,classifier.weight,16,5.611399106476851e-07,1.0022664639119238e-05,38334
alpha_2.0_g_3.0,2.0,3.0,,classifier.weight,32,1.817182919430585e-06,3.2306596063790054e-05,38318
alpha_2.0_g_3.0,2.0,3.0,,classifier.weight,64,5.364805796082479e-06,9.182128491286485e-05,38286
alpha_2.0_g_3.0,2.0,3.0,,classifier.weight,128,1.3701137446502925e-05,0.00022279945719574733,38222
alpha_2.0_g_3.0,2.0,3.0,,features.0.weight,1,9.709502491267562e-06,0.00010517281526043593,38349
alpha_2.0_g_3.0,2.0,3.0,,features.0.weight,2,1.911276843112549e-05,0.00020837282768189033,38348
alpha_2.0_g_3.0,2.0,3.0,,features.0.weight,4,3.717006460597199e-05,0.0004117280689586824,38346
alpha_2.0_g_3.0,2.0,3.0,,features.0.weight,8,7.059441552229301e-05,0.0008040342126202991,38342
alpha_2.0_g_3.0,2.0,3.0,,features.0.weight,16,0.0001294961880866294,0.0015413915815659922,38334
alpha_2.0_g_3.0,2.0,3.0,,features.0.weight,32,0.00022647905009845698,0.00286350775456907,38318
alpha_2.0_g_3.0,2.0,3.0,,features.0.weight,64,0.00037991118551728315,0.005002368415650627,38286
alpha_2.0_g_3.0,2.0,3.0,,features.0.weight,128,0.0006965108746611329,0.008795750554595423,38222
alpha_2.0_g_3.0,2.0,3.0,,features.10.weight,1,4.14150012968793e-07,4.507668394795627e-06,38349
alpha_2.0_g_3.0,2.0,3.0,,features.10.weight,2,8.604740068703144e-07,9.578358313751405e-06,38348
alpha_2.0_g_3.0,2.0,3.0,,features.10.weight,4,1.8435156861107641e-06,2.142293139747549e-05,38346
alpha_2.0_g_3.0,2.0,3.0,,features.10.weight,8,4.140874409390627e-06,5.1519455064384374e-05,38342
alpha_2.0_g_3.0,2.0,3.0,,features.10.weight,16,9.850705054619895e-06,0.00013316705094787006,38334
alpha_2.0_g_3.0,2.0,3.0,,features.10.weight,32,2.461257474023319e-05,0.0003567132899962453,38318
alpha_2.0_g_3.0,2.0,3.0,,features.10.weight,64,6.229640769934919e-05,0.0009161535374240622,38286
alpha_2.0_g_3.0,2.0,3.0,,features.10.weight,128,0.00015258103317894318,0.0021378478118225888,38222
alpha_2.0_g_3.0,2.0,3.0,,features.12.weight,1,2.3425081679193895e-07,2.5844044276220905e-06,38349
alpha_2.0_g_3.0,2.0,3.0,,features.12.weight,2,5.02626942365515e-07,5.780223481753479e-06,38348
alpha_2.0_g_3.0,2.0,3.0,,features.12.weight,4,1.1349056417227164e-06,1.399717305547392e-05,38346
alpha_2.0_g_3.0,2.0,3.0,,features.12.weight,8,2.7471571150478257e-06,3.718277325129006e-05,38342
alpha_2.0_g_3.0,2.0,3.0,,features.12.weight,16,7.143598581029242e-06,0.00010583349529377244,38334
alpha_2.0_g_3.0,2.0,3.0,,features.12.weight,32,1.9375595468879632e-05,0.0003040612611717408,38318
alpha_2.0_g_3.0,2.0,3.0,,features.12.weight,64,5.175000221477347e-05,0.0008095244955971727,38286
alpha_2.0_g_3.0,2.0,3.0,,features.12.weight,128,0.0001287060853185567,0.001910242357586099,38222
alpha_2.0_g_3.0,2.0,3.0,,features.14.weight,1,1.3637296276830478e-07,1.547723745699298e-06,38349
alpha_2.0_g_3.0,2.0,3.0,,features.14.weight,2,3.076513710770049e-07,3.7431280035561252e-06,38348
alpha_2.0_g_3.0,2.0,3.0,,features.14.weight,4,7.481263681801471e-07,1.0039385701462353e-05,38346
alpha_2.0_g_3.0,2.0,3.0,,features.14.weight,8,1.983991651527116e-06,2.9518156298683666e-05,38342
alpha_2.0_g_3.0,2.0,3.0,,features.14.weight,16,5.6477364671249835e-06,9.067910513172313e-05,38334
alpha_2.0_g_3.0,2.0,3.0,,features.14.weight,32,1.647183055498368e-05,0.0002736259257891552,38318
alpha_2.0_g_3.0,2.0,3.0,,features.14.weight,64,4.6017319275640014e-05,0.0007495428240985738,38286
alpha_2.0_g_3.0,2.0,3.0,,features.14.weight,128,0.00011605430973937047,0.0017909499166201008,38222
alpha_2.0_g_3.0,2.0,3.0,,features.16.weight,1,8.38732989846727e-08,1.0036995726637157e-06,38349
alpha_2.0_g_3.0,2.0,3.0,,features.16.weight,2,2.0414555954621348e-07,2.7020563750282835e-06,38348
alpha_2.0_g_3.0,2.0,3.0,,features.16.weight,4,5.465210505235424e-07,8.095102775832981e-06,38346
alpha_2.0_g_3.0,2.0,3.0,,features.16.weight,8,1.6019411669714616e-06,2.599526730939211e-05,38342
alpha_2.0_g_3.0,2.0,3.0,,features.16.weight,16,4.9628587462795755e-06,8.470622584236277e-05,38334
alpha_2.0_g_3.0,2.0,3.0,,features.16.weight,32,1.5357298413254304e-05,0.0002652497566400877,38318
alpha_2.0_g_3.0,2.0,3.0,,features.16.weight,64,4.435698035151634e-05,0.0007420595886549251,38286
alpha_2.0_g_3.0,2.0,3.0,,features.16.weight,128,0.00011299540971413268,0.001792816009512631,38222
alpha_2.0_g_3.0,2.0,3.0,,features.2.weight,1,4.66814359447272e-06,5.067159749182985e-05,38349
alpha_2.0_g_3.0,2.0,3.0,,features.2.weight,2,9.254621711401673e-06,0.00010103264069060161,38348
alpha_2.0_g_3.0,2.0,3.0,,features.2.weight,4,1.8231298502223948e-05,0.0002017445626157465,38346
alpha_2.0_g_3.0,2.0,3.0,,features.2.weight,8,3.553708431377236e-05,0.00040335424145990543,38342
alpha_2.0_g_3.0,2.0,3.0,,features.2.weight,16,6.814715280235605e-05,0.0008054334577238839,38334
alpha_2.0_g_3.0,2.0,3.0,,features.2.weight,32,0.00012783076595166844,0.0015950181815283994,38318
alpha_2.0_g_3.0,2.0,3.0,,features.2.weight,64,0.00023757983144040995,0.0030518048279204206,38286
alpha_2.0_g_3.0,2.0,3.0,,features.2.weight,128,0.00048191447255270596,0.0058681057958328295,38222
alpha_2.0_g_3.0,2.0,3.0,,features.4.weight,1,2.473736083625189e-06,2.681079112884567e-05,38349
alpha_2.0_g_3.0,2.0,3.0,,features.4.weight,2,4.9408900005871265e-06,5.382049576367604e-05,38348
alpha_2.0_g_3.0,2.0,3.0,,features.4.weight,4,9.867452959075015e-06,0.0001089295019840249,38346
alpha_2.0_g_3.0,2.0,3.0,,features.4.weight,8,1.9687033700029485e-05,0.00022277158461453265,38342
alpha_2.0_g_3.0,2.0,3.0,,features.4.weight,16,3.9214335400163197e-05,0.0004621941140337849,38334
alpha_2.0_g_3.0,2.0,3.0,,features.4.weight,32,7.827703968246994e-05,0.0009748010705782826,38318
alpha_2.0_g_3.0,2.0,3.0,,features.4.weight,64,0.00015937619668308952,0.0020483958134106025,38286
alpha_2.0_g_3.0,2.0,3.0,,features.4.weight,128,0.00034753856144491334,0.004271730574427049,38222
alpha_2.0_g_3.0,2.0,3.0,,features.6.weight,1,1.3583180218413915e-06,1.4708648579643214e-05,38349
alpha_2.0_g_3.0,2.0,3.0,,features.6.weight,2,2.7363267881370844e-06,2.983044055670369e-05,38348
alpha_2.0_g_3.0,2.0,3.0,,features.6.weight,4,5.549674184699305e-06,6.153647459486674e-05,38346
alpha_2.0_g_3.0,2.0,3.0,,features.6.weight,8,1.1375613476741694e-05,0.00013020767914435192,38342
alpha_2.0_g_3.0,2.0,3.0,,features.6.weight,16,2.373850964761767e-05,0.0002861599676498152,38334
alpha_2.0_g_3.0,2.0,3.0,,features.6.weight,32,5.0608436319746454e-05,0.0006492692867939376,38318
alpha_2.0_g_3.0,2.0,3.0,,features.6.weight,64,0.0001110632446129968,0.0014679190018056245,38286
alpha_2.0_g_3.0,2.0,3.0,,features.6.weight,128,0.0002542591583884578,0.003218646823064873,38222
alpha_2.0_g_3.0,2.0,3.0,,features.8.weight,1,7.379262810878421e-07,7.99667185111033e-06,38349
alpha_2.0_g_3.0,2.0,3.0,,features.8.weight,2,1.503280117561606e-06,1.648311096247739e-05,38348
alpha_2.0_g_3.0,2.0,3.0,,features.8.weight,4,3.1135859307129397e-06,3.50328933535432e-05,38346
alpha_2.0_g_3.0,2.0,3.0,,features.8.weight,8,6.6197657447449875e-06,7.794070835250403e-05,38342
alpha_2.0_g_3.0,2.0,3.0,,features.8.weight,16,1.460343386424578e-05,0.00018362959470173728,38334
alpha_2.0_g_3.0,2.0,3.0,,features.8.weight,32,3.3533607799539884e-05,0.0004519919058199043,38318
alpha_2.0_g_3.0,2.0,3.0,,features.8.weight,64,7.923535606117345e-05,0.0010960437635582374,38286
alpha_2.0_g_3.0,2.0,3.0,,features.8.weight,128,0.00018856436884597493,0.002493132320170244,38222
