step,task_0_acc,task_1_acc,task_2_acc,task_3_acc,task_4_acc,task_5_acc,task_6_acc,task_7_acc,task_8_acc,task_9_acc,task_10_acc,task_11_acc,task_12_acc,task_13_acc,task_14_acc,task_15_acc,task_16_acc,task_17_acc,task_18_acc,task_19_acc,task_idx,basis_rank_features.0.weight,basis_rank_features.2.weight,basis_rank_features.4.weight,basis_rank_features.6.weight,basis_rank_features.8.weight,basis_rank_features.10.weight,basis_rank_features.12.weight,basis_rank_features.14.weight,basis_rank_features.16.weight,basis_rank_classifier.weight,total_basis_rank,var_total_features_0_weight,var_total_features_2_weight,var_total_features_4_weight,var_total_features_6_weight,var_total_features_8_weight,var_total_features_10_weight,var_total_features_12_weight,var_total_features_14_weight,var_total_features_16_weight,var_total_classifier_weight,var_proj_features_0_weight,var_proj_features_2_weight,var_proj_features_4_weight,var_proj_features_6_weight,var_proj_features_8_weight,var_proj_features_10_weight,var_proj_features_12_weight,var_proj_features_14_weight,var_proj_features_16_weight,var_proj_classifier_weight,var_res_features_0_weight,var_res_features_2_weight,var_res_features_4_weight,var_res_features_6_weight,var_res_features_8_weight,var_res_features_10_weight,var_res_features_12_weight,var_res_features_14_weight,var_res_features_16_weight,var_res_classifier_weight
0,0.1290000081062317,,,,,,,,,,,,,,,,,,,,,,,,,,,,,,,,,,,,,,,,,,,,,,,,,,,,,,,,,,,,,
100,0.7900000214576721,,,,,,,,,,,,,,,,,,,,,,,,,,,,,,,,,,,,,,,,,,,,,,,,,,,,,,,,,,,,,
200,0.8580000400543213,,,,,,,,,,,,,,,,,,,,,,,,,,,,,,,,,,,,,,,,,,,,,,,,,,,,,,,,,,,,,
300,0.8770000338554382,,,,,,,,,,,,,,,,,,,,,,,,,,,,,,,,,,,,,,,,,,,,,,,,,,,,,,,,,,,,,
400,0.8950000405311584,,,,,,,,,,,,,,,,,,,,,,,,,,,,,,,,,,,,,,,,,,,,,,,,,,,,,,,,,,,,,
500,0.9000000357627869,,,,,,,,,,,,,,,,,,,,,,,,,,,,,,,,,,,,,,,,,,,,,,,,,,,,,,,,,,,,,
600,0.9070000648498535,,,,,,,,,,,,,,,,,,,,,,,,,,,,,,,,,,,,,,,,,,,,,,,,,,,,,,,,,,,,,
700,0.9100000262260437,,,,,,,,,,,,,,,,,,,,,,,,,,,,,,,,,,,,,,,,,,,,,,,,,,,,,,,,,,,,,
800,0.9240000247955322,,,,,,,,,,,,,,,,,,,,,,,,,,,,,,,,,,,,,,,,,,,,,,,,,,,,,,,,,,,,,
900,0.9260000586509705,,,,,,,,,,,,,,,,,,,,,,,,,,,,,,,,,,,,,,,,,,,,,,,,,,,,,,,,,,,,,
1000,0.9310000538825989,,,,,,,,,,,,,,,,,,,,,,,,,,,,,,,,,,,,,,,,,,,,,,,,,,,,,,,,,,,,,
1100,0.9340000152587891,,,,,,,,,,,,,,,,,,,,,,,,,,,,,,,,,,,,,,,,,,,,,,,,,,,,,,,,,,,,,
1175,0.9330000281333923,,,,,,,,,,,,,,,,,,,,0.0,134.0,109.0,90.0,79.0,75.0,74.0,72.0,72.0,70.0,67.0,842.0,88191.546875,57053.34375,59346.46484375,70917.734375,71269.078125,74818.1015625,79481.5703125,75429.890625,83444.265625,82201.859375,0.0,0.0,0.0,0.0,0.0,0.0,0.0,0.0,0.0,0.0,88191.546875,57053.34375,59346.46484375,70917.734375,71269.078125,74818.1015625,79481.5703125,75429.890625,83444.265625,82201.859375
1200,0.9290000200271606,0.6110000014305115,,,,,,,,,,,,,,,,,,,,,,,,,,,,,,,,,,,,,,,,,,,,,,,,,,,,,,,,,,,,
1300,0.9280000329017639,0.8330000638961792,,,,,,,,,,,,,,,,,,,,,,,,,,,,,,,,,,,,,,,,,,,,,,,,,,,,,,,,,,,,
1400,0.9270000457763672,0.8540000319480896,,,,,,,,,,,,,,,,,,,,,,,,,,,,,,,,,,,,,,,,,,,,,,,,,,,,,,,,,,,,
1500,0.9270000457763672,0.8730000257492065,,,,,,,,,,,,,,,,,,,,,,,,,,,,,,,,,,,,,,,,,,,,,,,,,,,,,,,,,,,,
1600,0.9280000329017639,0.8830000162124634,,,,,,,,,,,,,,,,,,,,,,,,,,,,,,,,,,,,,,,,,,,,,,,,,,,,,,,,,,,,
1700,0.9270000457763672,0.8970000147819519,,,,,,,,,,,,,,,,,,,,,,,,,,,,,,,,,,,,,,,,,,,,,,,,,,,,,,,,,,,,
1800,0.9280000329017639,0.9000000357627869,,,,,,,,,,,,,,,,,,,,,,,,,,,,,,,,,,,,,,,,,,,,,,,,,,,,,,,,,,,,
1900,0.9280000329017639,0.909000039100647,,,,,,,,,,,,,,,,,,,,,,,,,,,,,,,,,,,,,,,,,,,,,,,,,,,,,,,,,,,,
2000,0.9280000329017639,0.9100000262260437,,,,,,,,,,,,,,,,,,,,,,,,,,,,,,,,,,,,,,,,,,,,,,,,,,,,,,,,,,,,
2100,0.9280000329017639,0.9140000343322754,,,,,,,,,,,,,,,,,,,,,,,,,,,,,,,,,,,,,,,,,,,,,,,,,,,,,,,,,,,,
2200,0.9290000200271606,0.9200000166893005,,,,,,,,,,,,,,,,,,,,,,,,,,,,,,,,,,,,,,,,,,,,,,,,,,,,,,,,,,,,
2300,0.9290000200271606,0.9140000343322754,,,,,,,,,,,,,,,,,,,,,,,,,,,,,,,,,,,,,,,,,,,,,,,,,,,,,,,,,,,,
2350,0.9280000329017639,0.9120000600814819,,,,,,,,,,,,,,,,,,,1.0,244.0,187.0,141.0,117.0,106.0,101.0,97.0,96.0,91.0,87.0,1267.0,89530.484375,56741.17578125,60002.28515625,71626.453125,72842.0546875,76056.359375,80647.90625,77053.0546875,84222.15625,82017.625,22710.7578125,23516.1171875,36400.96875,50112.6484375,54902.6875,60007.546875,67303.078125,66820.34375,74558.84375,73595.328125,66830.6796875,33239.2734375,23623.1875,21544.3359375,17971.494140625,16084.2158203125,13390.357421875,10270.326171875,9708.119140625,8468.431640625
2400,0.9250000715255737,0.9110000729560852,0.7050000429153442,,,,,,,,,,,,,,,,,,,,,,,,,,,,,,,,,,,,,,,,,,,,,,,,,,,,,,,,,,,
2500,0.9280000329017639,0.9110000729560852,0.812000036239624,,,,,,,,,,,,,,,,,,,,,,,,,,,,,,,,,,,,,,,,,,,,,,,,,,,,,,,,,,,
2600,0.9270000457763672,0.9100000262260437,0.8420000672340393,,,,,,,,,,,,,,,,,,,,,,,,,,,,,,,,,,,,,,,,,,,,,,,,,,,,,,,,,,,
2700,0.9290000200271606,0.9110000729560852,0.8610000610351562,,,,,,,,,,,,,,,,,,,,,,,,,,,,,,,,,,,,,,,,,,,,,,,,,,,,,,,,,,,
2800,0.9280000329017639,0.9120000600814819,0.8760000467300415,,,,,,,,,,,,,,,,,,,,,,,,,,,,,,,,,,,,,,,,,,,,,,,,,,,,,,,,,,,
2900,0.9280000329017639,0.9120000600814819,0.89000004529953,,,,,,,,,,,,,,,,,,,,,,,,,,,,,,,,,,,,,,,,,,,,,,,,,,,,,,,,,,,
3000,0.9280000329017639,0.9110000729560852,0.8910000324249268,,,,,,,,,,,,,,,,,,,,,,,,,,,,,,,,,,,,,,,,,,,,,,,,,,,,,,,,,,,
3100,0.9270000457763672,0.9100000262260437,0.8990000486373901,,,,,,,,,,,,,,,,,,,,,,,,,,,,,,,,,,,,,,,,,,,,,,,,,,,,,,,,,,,
3200,0.9270000457763672,0.9100000262260437,0.9000000357627869,,,,,,,,,,,,,,,,,,,,,,,,,,,,,,,,,,,,,,,,,,,,,,,,,,,,,,,,,,,
3300,0.9270000457763672,0.9100000262260437,0.9070000648498535,,,,,,,,,,,,,,,,,,,,,,,,,,,,,,,,,,,,,,,,,,,,,,,,,,,,,,,,,,,
3400,0.9270000457763672,0.9110000729560852,0.9100000262260437,,,,,,,,,,,,,,,,,,,,,,,,,,,,,,,,,,,,,,,,,,,,,,,,,,,,,,,,,,,
3500,0.9270000457763672,0.9100000262260437,0.9110000729560852,,,,,,,,,,,,,,,,,,,,,,,,,,,,,,,,,,,,,,,,,,,,,,,,,,,,,,,,,,,
3525,0.9270000457763672,0.9100000262260437,0.906000018119812,,,,,,,,,,,,,,,,,,2.0,338.0,243.0,175.0,140.0,125.0,116.0,111.0,108.0,102.0,98.0,1556.0,89948.859375,61219.8515625,63246.5,75409.4375,74132.578125,77356.203125,79794.046875,76766.0,84237.078125,81119.0,33663.20703125,37093.14453125,47898.609375,61937.67578125,63077.08203125,67412.765625,71371.375,69901.015625,77631.34375,75417.203125,56301.48046875,24143.263671875,15368.111328125,13494.12890625,11079.251953125,9971.232421875,8450.146484375,6888.6318359375,6631.759765625,5725.6396484375
3600,0.9280000329017639,0.9100000262260437,0.9070000648498535,0.7160000205039978,,,,,,,,,,,,,,,,,,,,,,,,,,,,,,,,,,,,,,,,,,,,,,,,,,,,,,,,,,
3700,0.9240000247955322,0.9110000729560852,0.9050000309944153,0.8020000457763672,,,,,,,,,,,,,,,,,,,,,,,,,,,,,,,,,,,,,,,,,,,,,,,,,,,,,,,,,,
3800,0.9240000247955322,0.9100000262260437,0.9070000648498535,0.8270000219345093,,,,,,,,,,,,,,,,,,,,,,,,,,,,,,,,,,,,,,,,,,,,,,,,,,,,,,,,,,
3900,0.9220000505447388,0.9130000472068787,0.9040000438690186,0.8090000152587891,,,,,,,,,,,,,,,,,,,,,,,,,,,,,,,,,,,,,,,,,,,,,,,,,,,,,,,,,,
4000,0.9200000166893005,0.9110000729560852,0.9040000438690186,0.8540000319480896,,,,,,,,,,,,,,,,,,,,,,,,,,,,,,,,,,,,,,,,,,,,,,,,,,,,,,,,,,
4100,0.9200000166893005,0.9120000600814819,0.9040000438690186,0.8720000386238098,,,,,,,,,,,,,,,,,,,,,,,,,,,,,,,,,,,,,,,,,,,,,,,,,,,,,,,,,,
4200,0.9200000166893005,0.9140000343322754,0.9040000438690186,0.8810000419616699,,,,,,,,,,,,,,,,,,,,,,,,,,,,,,,,,,,,,,,,,,,,,,,,,,,,,,,,,,
4300,0.9190000295639038,0.9140000343322754,0.9040000438690186,0.8890000581741333,,,,,,,,,,,,,,,,,,,,,,,,,,,,,,,,,,,,,,,,,,,,,,,,,,,,,,,,,,
4400,0.9200000166893005,0.9130000472068787,0.9040000438690186,0.8980000615119934,,,,,,,,,,,,,,,,,,,,,,,,,,,,,,,,,,,,,,,,,,,,,,,,,,,,,,,,,,
4500,0.9200000166893005,0.9140000343322754,0.9030000567436218,0.8980000615119934,,,,,,,,,,,,,,,,,,,,,,,,,,,,,,,,,,,,,,,,,,,,,,,,,,,,,,,,,,
4600,0.9200000166893005,0.9140000343322754,0.9030000567436218,0.8970000147819519,,,,,,,,,,,,,,,,,,,,,,,,,,,,,,,,,,,,,,,,,,,,,,,,,,,,,,,,,,
4700,0.9200000166893005,0.9140000343322754,0.9030000567436218,0.9000000357627869,,,,,,,,,,,,,,,,,3.0,416.0,285.0,199.0,155.0,137.0,127.0,120.0,116.0,109.0,104.0,1768.0,89378.2890625,62426.09375,65875.265625,78324.0703125,76848.734375,76763.296875,81839.53125,76873.7578125,83724.4375,82164.3125,44154.75,44667.453125,53080.4296875,67901.765625,67092.28125,67959.171875,74377.8046875,70706.4375,78085.2421875,77524.75,45244.4921875,17776.640625,12813.95703125,10449.806640625,9777.265625,8829.171875,7479.0849609375,6178.80078125,5654.3076171875,4655.3720703125
4700,0.9200000166893005,0.9130000472068787,0.9030000567436218,0.9010000228881836,0.09300000220537186,,,,,,,,,,,,,,,,,,,,,,,,,,,,,,,,,,,,,,,,,,,,,,,,,,,,,,,,,
4800,0.9170000553131104,0.9100000262260437,0.8990000486373901,0.9030000567436218,0.7020000219345093,,,,,,,,,,,,,,,,,,,,,,,,,,,,,,,,,,,,,,,,,,,,,,,,,,,,,,,,,
4900,0.9160000681877136,0.9100000262260437,0.9000000357627869,0.9030000567436218,0.796000063419342,,,,,,,,,,,,,,,,,,,,,,,,,,,,,,,,,,,,,,,,,,,,,,,,,,,,,,,,,
5000,0.9150000214576721,0.9100000262260437,0.9030000567436218,0.9030000567436218,0.8300000429153442,,,,,,,,,,,,,,,,,,,,,,,,,,,,,,,,,,,,,,,,,,,,,,,,,,,,,,,,,
5100,0.9150000214576721,0.9100000262260437,0.906000018119812,0.9000000357627869,0.8500000238418579,,,,,,,,,,,,,,,,,,,,,,,,,,,,,,,,,,,,,,,,,,,,,,,,,,,,,,,,,
5200,0.9150000214576721,0.9100000262260437,0.906000018119812,0.9000000357627869,0.859000027179718,,,,,,,,,,,,,,,,,,,,,,,,,,,,,,,,,,,,,,,,,,,,,,,,,,,,,,,,,
5300,0.9140000343322754,0.909000039100647,0.9040000438690186,0.8970000147819519,0.8700000643730164,,,,,,,,,,,,,,,,,,,,,,,,,,,,,,,,,,,,,,,,,,,,,,,,,,,,,,,,,
5400,0.9140000343322754,0.909000039100647,0.9050000309944153,0.8980000615119934,0.8800000548362732,,,,,,,,,,,,,,,,,,,,,,,,,,,,,,,,,,,,,,,,,,,,,,,,,,,,,,,,,
5500,0.9150000214576721,0.9100000262260437,0.9050000309944153,0.8970000147819519,0.8860000371932983,,,,,,,,,,,,,,,,,,,,,,,,,,,,,,,,,,,,,,,,,,,,,,,,,,,,,,,,,
5600,0.9130000472068787,0.909000039100647,0.9040000438690186,0.8970000147819519,0.8870000243186951,,,,,,,,,,,,,,,,,,,,,,,,,,,,,,,,,,,,,,,,,,,,,,,,,,,,,,,,,
5700,0.9130000472068787,0.9070000648498535,0.9040000438690186,0.8970000147819519,0.8910000324249268,,,,,,,,,,,,,,,,,,,,,,,,,,,,,,,,,,,,,,,,,,,,,,,,,,,,,,,,,
5800,0.9130000472068787,0.9080000519752502,0.906000018119812,0.8970000147819519,0.8960000276565552,,,,,,,,,,,,,,,,,,,,,,,,,,,,,,,,,,,,,,,,,,,,,,,,,,,,,,,,,
5875,0.9130000472068787,0.9070000648498535,0.909000039100647,0.8970000147819519,0.8950000405311584,,,,,,,,,,,,,,,,4.0,481.0,321.0,219.0,167.0,146.0,134.0,125.0,121.0,113.0,108.0,1935.0,89636.953125,56181.4609375,60171.671875,74007.8203125,73620.5,75995.6953125,82229.859375,79665.203125,86033.5,83970.203125,51997.875,41701.93359375,50855.3125,65284.19140625,66963.953125,70065.578125,76984.8203125,74931.140625,81562.859375,79941.84375,37664.4609375,14495.046875,9331.91015625,8738.296875,6674.623046875,5949.83203125,5262.20703125,4753.9521484375,4495.1845703125,4047.638671875
5900,0.9130000472068787,0.909000039100647,0.9030000567436218,0.8970000147819519,0.8940000534057617,0.29100000858306885,,,,,,,,,,,,,,,,,,,,,,,,,,,,,,,,,,,,,,,,,,,,,,,,,,,,,,,,
6000,0.9150000214576721,0.9070000648498535,0.8990000486373901,0.8910000324249268,0.8940000534057617,0.7010000348091125,,,,,,,,,,,,,,,,,,,,,,,,,,,,,,,,,,,,,,,,,,,,,,,,,,,,,,,,
6100,0.9130000472068787,0.906000018119812,0.8960000276565552,0.8910000324249268,0.8940000534057617,0.7930000424385071,,,,,,,,,,,,,,,,,,,,,,,,,,,,,,,,,,,,,,,,,,,,,,,,,,,,,,,,
6200,0.9130000472068787,0.906000018119812,0.8950000405311584,0.8880000710487366,0.8920000195503235,0.8210000395774841,,,,,,,,,,,,,,,,,,,,,,,,,,,,,,,,,,,,,,,,,,,,,,,,,,,,,,,,
6300,0.9120000600814819,0.9080000519752502,0.8960000276565552,0.8870000243186951,0.89000004529953,0.8460000157356262,,,,,,,,,,,,,,,,,,,,,,,,,,,,,,,,,,,,,,,,,,,,,,,,,,,,,,,,
6400,0.9120000600814819,0.9080000519752502,0.8950000405311584,0.89000004529953,0.8880000710487366,0.8540000319480896,,,,,,,,,,,,,,,,,,,,,,,,,,,,,,,,,,,,,,,,,,,,,,,,,,,,,,,,
6500,0.9110000729560852,0.909000039100647,0.8950000405311584,0.8890000581741333,0.89000004529953,0.8680000305175781,,,,,,,,,,,,,,,,,,,,,,,,,,,,,,,,,,,,,,,,,,,,,,,,,,,,,,,,
6600,0.9100000262260437,0.9080000519752502,0.8950000405311584,0.8870000243186951,0.89000004529953,0.8710000514984131,,,,,,,,,,,,,,,,,,,,,,,,,,,,,,,,,,,,,,,,,,,,,,,,,,,,,,,,
6700,0.9100000262260437,0.9080000519752502,0.8950000405311584,0.8860000371932983,0.8890000581741333,0.8750000596046448,,,,,,,,,,,,,,,,,,,,,,,,,,,,,,,,,,,,,,,,,,,,,,,,,,,,,,,,
6800,0.9100000262260437,0.9100000262260437,0.8950000405311584,0.8860000371932983,0.8870000243186951,0.8740000128746033,,,,,,,,,,,,,,,,,,,,,,,,,,,,,,,,,,,,,,,,,,,,,,,,,,,,,,,,
6900,0.9100000262260437,0.9120000600814819,0.8960000276565552,0.8860000371932983,0.8870000243186951,0.8760000467300415,,,,,,,,,,,,,,,,,,,,,,,,,,,,,,,,,,,,,,,,,,,,,,,,,,,,,,,,
7000,0.9100000262260437,0.9100000262260437,0.8960000276565552,0.8850000500679016,0.8860000371932983,0.8800000548362732,,,,,,,,,,,,,,,,,,,,,,,,,,,,,,,,,,,,,,,,,,,,,,,,,,,,,,,,
7050,0.9100000262260437,0.909000039100647,0.8960000276565552,0.8860000371932983,0.8850000500679016,0.8840000629425049,,,,,,,,,,,,,,,5.0,534.0,349.0,234.0,177.0,154.0,140.0,129.0,125.0,116.0,111.0,2069.0,91092.1640625,59575.28515625,65104.2421875,77489.9375,75730.9921875,79081.2578125,84184.375,81713.4921875,87790.125,84308.359375,61110.1953125,48610.84375,57079.37109375,69918.390625,69670.09375,74011.3046875,79039.953125,77467.15625,83727.96875,80665.3125,30012.484375,10980.5537109375,8040.9619140625,7587.490234375,6076.4482421875,5087.45263671875,5162.84765625,4261.189453125,4082.32861328125,3657.681396484375
7100,0.909000039100647,0.909000039100647,0.8950000405311584,0.8880000710487366,0.8810000419616699,0.8750000596046448,0.5470000505447388,,,,,,,,,,,,,,,,,,,,,,,,,,,,,,,,,,,,,,,,,,,,,,,,,,,,,,,
7200,0.9110000729560852,0.9110000729560852,0.8970000147819519,0.8860000371932983,0.8810000419616699,0.8770000338554382,0.7190000414848328,,,,,,,,,,,,,,,,,,,,,,,,,,,,,,,,,,,,,,,,,,,,,,,,,,,,,,,
7300,0.9110000729560852,0.9100000262260437,0.8950000405311584,0.8850000500679016,0.8830000162124634,0.878000020980835,0.7760000228881836,,,,,,,,,,,,,,,,,,,,,,,,,,,,,,,,,,,,,,,,,,,,,,,,,,,,,,,
7400,0.9110000729560852,0.9120000600814819,0.8950000405311584,0.8860000371932983,0.8800000548362732,0.878000020980835,0.8080000281333923,,,,,,,,,,,,,,,,,,,,,,,,,,,,,,,,,,,,,,,,,,,,,,,,,,,,,,,
7500,0.9100000262260437,0.9110000729560852,0.8950000405311584,0.8860000371932983,0.878000020980835,0.878000020980835,0.8280000686645508,,,,,,,,,,,,,,,,,,,,,,,,,,,,,,,,,,,,,,,,,,,,,,,,,,,,,,,
7600,0.909000039100647,0.9100000262260437,0.893000066280365,0.8860000371932983,0.8760000467300415,0.8750000596046448,0.8420000672340393,,,,,,,,,,,,,,,,,,,,,,,,,,,,,,,,,,,,,,,,,,,,,,,,,,,,,,,
7700,0.9100000262260437,0.909000039100647,0.8920000195503235,0.8840000629425049,0.8750000596046448,0.8740000128746033,0.8500000238418579,,,,,,,,,,,,,,,,,,,,,,,,,,,,,,,,,,,,,,,,,,,,,,,,,,,,,,,
7800,0.9120000600814819,0.9080000519752502,0.8920000195503235,0.8830000162124634,0.8740000128746033,0.8740000128746033,0.8650000691413879,,,,,,,,,,,,,,,,,,,,,,,,,,,,,,,,,,,,,,,,,,,,,,,,,,,,,,,
7900,0.9120000600814819,0.909000039100647,0.89000004529953,0.8830000162124634,0.8740000128746033,0.8730000257492065,0.8720000386238098,,,,,,,,,,,,,,,,,,,,,,,,,,,,,,,,,,,,,,,,,,,,,,,,,,,,,,,
8000,0.9130000472068787,0.9080000519752502,0.89000004529953,0.8830000162124634,0.8750000596046448,0.8740000128746033,0.8760000467300415,,,,,,,,,,,,,,,,,,,,,,,,,,,,,,,,,,,,,,,,,,,,,,,,,,,,,,,
8100,0.9120000600814819,0.9080000519752502,0.8890000581741333,0.8840000629425049,0.8760000467300415,0.8720000386238098,0.8790000677108765,,,,,,,,,,,,,,,,,,,,,,,,,,,,,,,,,,,,,,,,,,,,,,,,,,,,,,,
8200,0.9120000600814819,0.9070000648498535,0.8890000581741333,0.8840000629425049,0.8760000467300415,0.8730000257492065,0.8800000548362732,,,,,,,,,,,,,,,,,,,,,,,,,,,,,,,,,,,,,,,,,,,,,,,,,,,,,,,
8225,0.9120000600814819,0.9070000648498535,0.8880000710487366,0.8830000162124634,0.8760000467300415,0.8730000257492065,0.8810000419616699,,,,,,,,,,,,,,6.0,575.0,373.0,248.0,185.0,161.0,145.0,133.0,129.0,119.0,113.0,2181.0,90589.796875,54172.4375,61289.44921875,75358.546875,74294.90625,77511.453125,82562.84375,81136.9609375,86899.515625,84489.15625,67501.03125,45156.2109375,54698.171875,69025.8125,69006.921875,72831.4375,77702.359375,76874.1328125,83003.875,80750.546875,23124.177734375,9031.9345703125,6604.7939453125,6350.25927734375,5302.41259765625,4697.8984375,4878.1259765625,4278.3447265625,3911.062744140625,3753.495849609375
8300,0.9140000343322754,0.9080000519752502,0.89000004529953,0.8810000419616699,0.8750000596046448,0.8700000643730164,0.8790000677108765,0.550000011920929,,,,,,,,,,,,,,,,,,,,,,,,,,,,,,,,,,,,,,,,,,,,,,,,,,,,,,
8400,0.9130000472068787,0.909000039100647,0.8870000243186951,0.8820000290870667,0.8750000596046448,0.8670000433921814,0.8770000338554382,0.6910000443458557,,,,,,,,,,,,,,,,,,,,,,,,,,,,,,,,,,,,,,,,,,,,,,,,,,,,,,
8500,0.9110000729560852,0.906000018119812,0.8850000500679016,0.8790000677108765,0.8740000128746033,0.8680000305175781,0.8760000467300415,0.7560000419616699,,,,,,,,,,,,,,,,,,,,,,,,,,,,,,,,,,,,,,,,,,,,,,,,,,,,,,
8600,0.9100000262260437,0.906000018119812,0.8840000629425049,0.8790000677108765,0.8740000128746033,0.8690000176429749,0.8750000596046448,0.7910000085830688,,,,,,,,,,,,,,,,,,,,,,,,,,,,,,,,,,,,,,,,,,,,,,,,,,,,,,
8700,0.909000039100647,0.906000018119812,0.8830000162124634,0.8760000467300415,0.8750000596046448,0.8680000305175781,0.8720000386238098,0.8200000524520874,,,,,,,,,,,,,,,,,,,,,,,,,,,,,,,,,,,,,,,,,,,,,,,,,,,,,,
8800,0.9080000519752502,0.909000039100647,0.8830000162124634,0.8730000257492065,0.8700000643730164,0.8670000433921814,0.8740000128746033,0.8380000591278076,,,,,,,,,,,,,,,,,,,,,,,,,,,,,,,,,,,,,,,,,,,,,,,,,,,,,,
8900,0.9080000519752502,0.909000039100647,0.8820000290870667,0.8740000128746033,0.8680000305175781,0.8680000305175781,0.8730000257492065,0.8490000367164612,,,,,,,,,,,,,,,,,,,,,,,,,,,,,,,,,,,,,,,,,,,,,,,,,,,,,,
9000,0.9100000262260437,0.9120000600814819,0.8850000500679016,0.8740000128746033,0.8690000176429749,0.8680000305175781,0.8720000386238098,0.8530000448226929,,,,,,,,,,,,,,,,,,,,,,,,,,,,,,,,,,,,,,,,,,,,,,,,,,,,,,
9100,0.9100000262260437,0.9120000600814819,0.8840000629425049,0.8720000386238098,0.8680000305175781,0.8680000305175781,0.8720000386238098,0.8600000143051147,,,,,,,,,,,,,,,,,,,,,,,,,,,,,,,,,,,,,,,,,,,,,,,,,,,,,,
9200,0.9100000262260437,0.9110000729560852,0.8830000162124634,0.8720000386238098,0.8670000433921814,0.8680000305175781,0.8730000257492065,0.8640000224113464,,,,,,,,,,,,,,,,,,,,,,,,,,,,,,,,,,,,,,,,,,,,,,,,,,,,,,
9300,0.9110000729560852,0.9120000600814819,0.8820000290870667,0.8730000257492065,0.8680000305175781,0.8660000562667847,0.8720000386238098,0.8670000433921814,,,,,,,,,,,,,,,,,,,,,,,,,,,,,,,,,,,,,,,,,,,,,,,,,,,,,,
9400,0.9110000729560852,0.9120000600814819,0.8820000290870667,0.8710000514984131,0.8670000433921814,0.8650000691413879,0.8730000257492065,0.8660000562667847,,,,,,,,,,,,,7.0,612.0,394.0,260.0,193.0,167.0,150.0,137.0,133.0,122.0,116.0,2284.0,88607.796875,56504.03125,61258.828125,73089.3515625,73679.1484375,77378.828125,82634.140625,80048.8125,86837.640625,83218.921875,66854.5390625,48112.3671875,54908.2421875,66912.5,68014.4765625,72748.140625,77580.5625,75907.1015625,82891.3828125,79590.671875,21786.30859375,8407.2275390625,6364.6533203125,6192.2109375,5680.1767578125,4651.07373046875,5073.44921875,4158.48291015625,3963.99658203125,3646.77783203125
9400,0.9110000729560852,0.9130000472068787,0.8820000290870667,0.8710000514984131,0.8680000305175781,0.8650000691413879,0.8730000257492065,0.8660000562667847,0.0950000062584877,,,,,,,,,,,,,,,,,,,,,,,,,,,,,,,,,,,,,,,,,,,,,,,,,,,,,
9500,0.9130000472068787,0.909000039100647,0.8800000548362732,0.8730000257492065,0.8610000610351562,0.8660000562667847,0.8640000224113464,0.8650000691413879,0.5,,,,,,,,,,,,,,,,,,,,,,,,,,,,,,,,,,,,,,,,,,,,,,,,,,,,,
9600,0.9100000262260437,0.9080000519752502,0.8790000677108765,0.8730000257492065,0.8600000143051147,0.8650000691413879,0.8540000319480896,0.8600000143051147,0.6480000019073486,,,,,,,,,,,,,,,,,,,,,,,,,,,,,,,,,,,,,,,,,,,,,,,,,,,,,
9700,0.9110000729560852,0.9080000519752502,0.878000020980835,0.8720000386238098,0.8600000143051147,0.862000048160553,0.8500000238418579,0.8570000529289246,0.7110000252723694,,,,,,,,,,,,,,,,,,,,,,,,,,,,,,,,,,,,,,,,,,,,,,,,,,,,,
9800,0.9120000600814819,0.9070000648498535,0.8770000338554382,0.8740000128746033,0.8600000143051147,0.862000048160553,0.8490000367164612,0.8580000400543213,0.7630000114440918,,,,,,,,,,,,,,,,,,,,,,,,,,,,,,,,,,,,,,,,,,,,,,,,,,,,,
9900,0.9100000262260437,0.9070000648498535,0.8770000338554382,0.8730000257492065,0.859000027179718,0.8600000143051147,0.8460000157356262,0.859000027179718,0.7900000214576721,,,,,,,,,,,,,,,,,,,,,,,,,,,,,,,,,,,,,,,,,,,,,,,,,,,,,
10000,0.909000039100647,0.9080000519752502,0.8770000338554382,0.8740000128746033,0.859000027179718,0.8610000610351562,0.843000054359436,0.859000027179718,0.8030000329017639,,,,,,,,,,,,,,,,,,,,,,,,,,,,,,,,,,,,,,,,,,,,,,,,,,,,,
10100,0.9080000519752502,0.909000039100647,0.8740000128746033,0.8740000128746033,0.8580000400543213,0.8610000610351562,0.8440000414848328,0.8580000400543213,0.8230000138282776,,,,,,,,,,,,,,,,,,,,,,,,,,,,,,,,,,,,,,,,,,,,,,,,,,,,,
10200,0.9070000648498535,0.9070000648498535,0.8730000257492065,0.8740000128746033,0.8570000529289246,0.8580000400543213,0.8440000414848328,0.8570000529289246,0.8260000348091125,,,,,,,,,,,,,,,,,,,,,,,,,,,,,,,,,,,,,,,,,,,,,,,,,,,,,
10300,0.9080000519752502,0.9070000648498535,0.8710000514984131,0.8750000596046448,0.8570000529289246,0.8570000529289246,0.843000054359436,0.8550000190734863,0.8300000429153442,,,,,,,,,,,,,,,,,,,,,,,,,,,,,,,,,,,,,,,,,,,,,,,,,,,,,
10400,0.9080000519752502,0.906000018119812,0.8730000257492065,0.8740000128746033,0.8560000658035278,0.8580000400543213,0.8440000414848328,0.8520000576972961,0.8380000591278076,,,,,,,,,,,,,,,,,,,,,,,,,,,,,,,,,,,,,,,,,,,,,,,,,,,,,
10500,0.9080000519752502,0.9020000696182251,0.8720000386238098,0.8760000467300415,0.8570000529289246,0.8570000529289246,0.843000054359436,0.8510000109672546,0.8460000157356262,,,,,,,,,,,,,,,,,,,,,,,,,,,,,,,,,,,,,,,,,,,,,,,,,,,,,
10575,0.9080000519752502,0.9020000696182251,0.8710000514984131,0.8750000596046448,0.8570000529289246,0.8560000658035278,0.843000054359436,0.8470000624656677,0.8470000624656677,,,,,,,,,,,,8.0,639.0,409.0,268.0,198.0,171.0,153.0,140.0,135.0,124.0,118.0,2355.0,90585.0625,60616.625,66099.78125,79807.5234375,80055.359375,84238.859375,87259.296875,82527.296875,87142.265625,82869.484375,73752.953125,53378.109375,60426.734375,73939.734375,75337.984375,79933.3046875,83084.765625,78821.796875,83653.9375,79531.78125,16869.75,7253.41015625,5685.43603515625,5882.8857421875,4734.1455078125,4322.7841796875,4196.6748046875,3722.193359375,3509.26708984375,3355.1416015625
10600,0.909000039100647,0.9030000567436218,0.8750000596046448,0.8740000128746033,0.8580000400543213,0.8540000319480896,0.8410000205039978,0.8540000319480896,0.8500000238418579,0.2760000228881836,,,,,,,,,,,,,,,,,,,,,,,,,,,,,,,,,,,,,,,,,,,,,,,,,,,,
10700,0.9070000648498535,0.8980000615119934,0.8670000433921814,0.8690000176429749,0.862000048160553,0.8520000576972961,0.8380000591278076,0.843000054359436,0.8520000576972961,0.5960000157356262,,,,,,,,,,,,,,,,,,,,,,,,,,,,,,,,,,,,,,,,,,,,,,,,,,,,
10800,0.9030000567436218,0.9000000357627869,0.8660000562667847,0.8660000562667847,0.8600000143051147,0.8520000576972961,0.8390000462532043,0.8370000123977661,0.8460000157356262,0.7090000510215759,,,,,,,,,,,,,,,,,,,,,,,,,,,,,,,,,,,,,,,,,,,,,,,,,,,,
10900,0.9040000438690186,0.8990000486373901,0.8630000352859497,0.862000048160553,0.8600000143051147,0.8530000448226929,0.8400000333786011,0.8340000510215759,0.8390000462532043,0.7660000324249268,,,,,,,,,,,,,,,,,,,,,,,,,,,,,,,,,,,,,,,,,,,,,,,,,,,,
11000,0.9030000567436218,0.8980000615119934,0.8600000143051147,0.8640000224113464,0.8560000658035278,0.8560000658035278,0.8380000591278076,0.831000030040741,0.8380000591278076,0.7940000295639038,,,,,,,,,,,,,,,,,,,,,,,,,,,,,,,,,,,,,,,,,,,,,,,,,,,,
11100,0.9050000309944153,0.8970000147819519,0.862000048160553,0.8600000143051147,0.8540000319480896,0.8540000319480896,0.8350000381469727,0.8320000171661377,0.8360000252723694,0.7970000505447388,,,,,,,,,,,,,,,,,,,,,,,,,,,,,,,,,,,,,,,,,,,,,,,,,,,,
11200,0.9050000309944153,0.8980000615119934,0.862000048160553,0.8600000143051147,0.8530000448226929,0.8530000448226929,0.831000030040741,0.831000030040741,0.831000030040741,0.8250000476837158,,,,,,,,,,,,,,,,,,,,,,,,,,,,,,,,,,,,,,,,,,,,,,,,,,,,
11300,0.9030000567436218,0.8970000147819519,0.862000048160553,0.8600000143051147,0.8520000576972961,0.8520000576972961,0.8290000557899475,0.8270000219345093,0.8300000429153442,0.8350000381469727,,,,,,,,,,,,,,,,,,,,,,,,,,,,,,,,,,,,,,,,,,,,,,,,,,,,
11400,0.9030000567436218,0.8960000276565552,0.8600000143051147,0.8580000400543213,0.8500000238418579,0.8530000448226929,0.8290000557899475,0.8270000219345093,0.8280000686645508,0.8410000205039978,,,,,,,,,,,,,,,,,,,,,,,,,,,,,,,,,,,,,,,,,,,,,,,,,,,,
11500,0.9010000228881836,0.8960000276565552,0.8610000610351562,0.8580000400543213,0.8480000495910645,0.8510000109672546,0.8290000557899475,0.8250000476837158,0.8270000219345093,0.8440000414848328,,,,,,,,,,,,,,,,,,,,,,,,,,,,,,,,,,,,,,,,,,,,,,,,,,,,
11600,0.9010000228881836,0.8940000534057617,0.862000048160553,0.8560000658035278,0.8500000238418579,0.8500000238418579,0.831000030040741,0.8210000395774841,0.8240000605583191,0.8510000109672546,,,,,,,,,,,,,,,,,,,,,,,,,,,,,,,,,,,,,,,,,,,,,,,,,,,,
11700,0.9000000357627869,0.893000066280365,0.8630000352859497,0.8580000400543213,0.8490000367164612,0.8500000238418579,0.8280000686645508,0.8180000185966492,0.8230000138282776,0.8560000658035278,,,,,,,,,,,,,,,,,,,,,,,,,,,,,,,,,,,,,,,,,,,,,,,,,,,,
11750,0.9010000228881836,0.8920000195503235,0.8630000352859497,0.8570000529289246,0.8490000367164612,0.8510000109672546,0.8280000686645508,0.8190000653266907,0.8240000605583191,0.859000027179718,,,,,,,,,,,9.0,661.0,424.0,277.0,204.0,175.0,156.0,143.0,139.0,127.0,121.0,2427.0,92504.265625,57634.171875,61708.80859375,77532.40625,78180.1484375,81840.90625,86340.328125,84542.2734375,89432.296875,85654.6953125,79842.109375,51014.6328125,56234.8671875,71708.7421875,72819.8125,76772.3125,81464.2421875,79929.4765625,84951.171875,81852.7890625,12703.275390625,6635.95166015625,5488.66845703125,5842.67236328125,5376.2451171875,5087.20703125,4894.9443359375,4628.0634765625,4500.525390625,3820.6279296875
11800,0.8990000486373901,0.8890000581741333,0.8560000658035278,0.8550000190734863,0.8520000576972961,0.8490000367164612,0.8300000429153442,0.8180000185966492,0.8220000267028809,0.8520000576972961,0.33800002932548523,,,,,,,,,,,,,,,,,,,,,,,,,,,,,,,,,,,,,,,,,,,,,,,,,,,
11900,0.8950000405311584,0.8910000324249268,0.8560000658035278,0.8570000529289246,0.8490000367164612,0.8480000495910645,0.8260000348091125,0.8180000185966492,0.8250000476837158,0.8530000448226929,0.5920000076293945,,,,,,,,,,,,,,,,,,,,,,,,,,,,,,,,,,,,,,,,,,,,,,,,,,,
12000,0.893000066280365,0.8880000710487366,0.8530000448226929,0.8580000400543213,0.8480000495910645,0.8470000624656677,0.8220000267028809,0.8210000395774841,0.8260000348091125,0.8530000448226929,0.675000011920929,,,,,,,,,,,,,,,,,,,,,,,,,,,,,,,,,,,,,,,,,,,,,,,,,,,
12100,0.89000004529953,0.8850000500679016,0.8500000238418579,0.8570000529289246,0.8410000205039978,0.8400000333786011,0.8180000185966492,0.8210000395774841,0.8270000219345093,0.8490000367164612,0.7270000576972961,,,,,,,,,,,,,,,,,,,,,,,,,,,,,,,,,,,,,,,,,,,,,,,,,,,
12200,0.89000004529953,0.8830000162124634,0.8520000576972961,0.8580000400543213,0.8420000672340393,0.8380000591278076,0.815000057220459,0.8190000653266907,0.8230000138282776,0.8470000624656677,0.7640000581741333,,,,,,,,,,,,,,,,,,,,,,,,,,,,,,,,,,,,,,,,,,,,,,,,,,,
12300,0.8890000581741333,0.8830000162124634,0.8520000576972961,0.8580000400543213,0.8400000333786011,0.8350000381469727,0.8170000314712524,0.8200000524520874,0.8200000524520874,0.8460000157356262,0.7860000133514404,,,,,,,,,,,,,,,,,,,,,,,,,,,,,,,,,,,,,,,,,,,,,,,,,,,
12400,0.8890000581741333,0.8820000290870667,0.8510000109672546,0.859000027179718,0.8410000205039978,0.8350000381469727,0.8170000314712524,0.8170000314712524,0.8210000395774841,0.8460000157356262,0.8070000410079956,,,,,,,,,,,,,,,,,,,,,,,,,,,,,,,,,,,,,,,,,,,,,,,,,,,
12500,0.8890000581741333,0.8840000629425049,0.8530000448226929,0.859000027179718,0.8410000205039978,0.8300000429153442,0.8160000443458557,0.8160000443458557,0.8180000185966492,0.8440000414848328,0.815000057220459,,,,,,,,,,,,,,,,,,,,,,,,,,,,,,,,,,,,,,,,,,,,,,,,,,,
12600,0.8890000581741333,0.8830000162124634,0.8510000109672546,0.8570000529289246,0.8400000333786011,0.8300000429153442,0.8180000185966492,0.8160000443458557,0.8170000314712524,0.8440000414848328,0.8240000605583191,,,,,,,,,,,,,,,,,,,,,,,,,,,,,,,,,,,,,,,,,,,,,,,,,,,
12700,0.8890000581741333,0.8830000162124634,0.8500000238418579,0.8570000529289246,0.8400000333786011,0.8290000557899475,0.815000057220459,0.8130000233650208,0.815000057220459,0.843000054359436,0.8340000510215759,,,,,,,,,,,,,,,,,,,,,,,,,,,,,,,,,,,,,,,,,,,,,,,,,,,
12800,0.8890000581741333,0.8820000290870667,0.8520000576972961,0.8540000319480896,0.8390000462532043,0.8300000429153442,0.8140000104904175,0.812000036239624,0.8160000443458557,0.8420000672340393,0.8340000510215759,,,,,,,,,,,,,,,,,,,,,,,,,,,,,,,,,,,,,,,,,,,,,,,,,,,
12900,0.8870000243186951,0.8820000290870667,0.8520000576972961,0.8530000448226929,0.8390000462532043,0.8290000557899475,0.8110000491142273,0.8070000410079956,0.8170000314712524,0.8420000672340393,0.8390000462532043,,,,,,,,,,,,,,,,,,,,,,,,,,,,,,,,,,,,,,,,,,,,,,,,,,,
12925,0.8880000710487366,0.8820000290870667,0.8520000576972961,0.8540000319480896,0.8390000462532043,0.8300000429153442,0.8110000491142273,0.8070000410079956,0.8170000314712524,0.8410000205039978,0.8390000462532043,,,,,,,,,,10.0,679.0,438.0,284.0,208.0,178.0,158.0,145.0,140.0,128.0,122.0,2480.0,89805.65625,54413.421875,65260.1796875,79988.34375,82506.4296875,86112.28125,90510.5546875,85127.234375,91563.09375,85397.0859375,78366.8984375,48363.921875,60121.34375,74625.90625,77660.5,81499.15625,86133.5703125,81409.8359375,87838.78125,82089.765625,11478.5634765625,6064.48779296875,5152.02490234375,5377.4111328125,4862.2978515625,4624.189453125,4389.443359375,3729.072265625,3735.20458984375,3322.5927734375
13000,0.89000004529953,0.8830000162124634,0.8480000495910645,0.8500000238418579,0.8370000123977661,0.8260000348091125,0.8140000104904175,0.8130000233650208,0.8060000538825989,0.8510000109672546,0.8350000381469727,0.38700002431869507,,,,,,,,,,,,,,,,,,,,,,,,,,,,,,,,,,,,,,,,,,,,,,,,,,
13100,0.893000066280365,0.8830000162124634,0.8450000286102295,0.8510000109672546,0.8320000171661377,0.8250000476837158,0.8060000538825989,0.8160000443458557,0.800000011920929,0.8460000157356262,0.831000030040741,0.578000009059906,,,,,,,,,,,,,,,,,,,,,,,,,,,,,,,,,,,,,,,,,,,,,,,,,,
13200,0.8920000195503235,0.8810000419616699,0.8490000367164612,0.8490000367164612,0.8350000381469727,0.8210000395774841,0.8070000410079956,0.8170000314712524,0.7940000295639038,0.8420000672340393,0.8280000686645508,0.6640000343322754,,,,,,,,,,,,,,,,,,,,,,,,,,,,,,,,,,,,,,,,,,,,,,,,,,
13300,0.893000066280365,0.8800000548362732,0.8470000624656677,0.8450000286102295,0.8350000381469727,0.8200000524520874,0.8060000538825989,0.8170000314712524,0.7950000166893005,0.8420000672340393,0.8280000686645508,0.7110000252723694,,,,,,,,,,,,,,,,,,,,,,,,,,,,,,,,,,,,,,,,,,,,,,,,,,
13400,0.8910000324249268,0.878000020980835,0.8480000495910645,0.8440000414848328,0.8330000638961792,0.8220000267028809,0.8050000667572021,0.815000057220459,0.7900000214576721,0.8410000205039978,0.8260000348091125,0.7400000095367432,,,,,,,,,,,,,,,,,,,,,,,,,,,,,,,,,,,,,,,,,,,,,,,,,,
13500,0.8910000324249268,0.878000020980835,0.8440000414848328,0.8420000672340393,0.8300000429153442,0.8190000653266907,0.800000011920929,0.815000057220459,0.7890000343322754,0.8400000333786011,0.8230000138282776,0.7690000534057617,,,,,,,,,,,,,,,,,,,,,,,,,,,,,,,,,,,,,,,,,,,,,,,,,,
13600,0.8890000581741333,0.8770000338554382,0.8420000672340393,0.8390000462532043,0.8260000348091125,0.8180000185966492,0.796000063419342,0.8160000443458557,0.7870000600814819,0.8360000252723694,0.8200000524520874,0.7910000085830688,,,,,,,,,,,,,,,,,,,,,,,,,,,,,,,,,,,,,,,,,,,,,,,,,,
13700,0.8890000581741333,0.878000020980835,0.8420000672340393,0.8380000591278076,0.8240000605583191,0.8170000314712524,0.796000063419342,0.8140000104904175,0.7850000262260437,0.8350000381469727,0.8190000653266907,0.800000011920929,,,,,,,,,,,,,,,,,,,,,,,,,,,,,,,,,,,,,,,,,,,,,,,,,,
13800,0.8910000324249268,0.8790000677108765,0.8410000205039978,0.8360000252723694,0.8240000605583191,0.8170000314712524,0.7980000376701355,0.815000057220459,0.7830000519752502,0.8340000510215759,0.8140000104904175,0.8040000200271606,,,,,,,,,,,,,,,,,,,,,,,,,,,,,,,,,,,,,,,,,,,,,,,,,,
13900,0.89000004529953,0.878000020980835,0.8390000462532043,0.8350000381469727,0.8220000267028809,0.815000057220459,0.7980000376701355,0.8140000104904175,0.7820000648498535,0.8330000638961792,0.815000057220459,0.815000057220459,,,,,,,,,,,,,,,,,,,,,,,,,,,,,,,,,,,,,,,,,,,,,,,,,,
14000,0.8880000710487366,0.8770000338554382,0.8380000591278076,0.8360000252723694,0.8210000395774841,0.8140000104904175,0.7990000247955322,0.8130000233650208,0.7820000648498535,0.831000030040741,0.8130000233650208,0.8180000185966492,,,,,,,,,,,,,,,,,,,,,,,,,,,,,,,,,,,,,,,,,,,,,,,,,,
14100,0.8880000710487366,0.8770000338554382,0.8380000591278076,0.8360000252723694,0.8190000653266907,0.8140000104904175,0.7990000247955322,0.8110000491142273,0.7820000648498535,0.8300000429153442,0.8130000233650208,0.8240000605583191,,,,,,,,,11.0,693.0,450.0,290.0,211.0,180.0,160.0,146.0,142.0,130.0,123.0,2525.0,89642.078125,54891.859375,64985.484375,81017.171875,82433.2578125,85201.203125,89392.359375,85741.375,90753.296875,84740.234375,79189.3125,49344.94921875,60066.171875,75689.5078125,77527.109375,80569.8828125,85133.359375,81492.6640625,86773.03125,81516.875,10492.759765625,5560.3232421875,4932.5498046875,5339.6884765625,4921.78125,4648.6416015625,4275.525390625,4265.9521484375,3995.422607421875,3238.19970703125
14100,0.8880000710487366,0.878000020980835,0.8380000591278076,0.8360000252723694,0.8190000653266907,0.8140000104904175,0.8010000586509705,0.8110000491142273,0.7830000519752502,0.8300000429153442,0.8140000104904175,0.8240000605583191,0.0950000062584877,,,,,,,,,,,,,,,,,,,,,,,,,,,,,,,,,,,,,,,,,,,,,,,,,
14200,0.8870000243186951,0.8740000128746033,0.8370000123977661,0.8410000205039978,0.8280000686645508,0.8100000619888306,0.796000063419342,0.8070000410079956,0.7760000228881836,0.8280000686645508,0.8130000233650208,0.8240000605583191,0.43400001525878906,,,,,,,,,,,,,,,,,,,,,,,,,,,,,,,,,,,,,,,,,,,,,,,,,
14300,0.8870000243186951,0.8710000514984131,0.8330000638961792,0.8410000205039978,0.8230000138282776,0.8060000538825989,0.7970000505447388,0.8020000457763672,0.7740000486373901,0.8270000219345093,0.812000036239624,0.8190000653266907,0.6150000095367432,,,,,,,,,,,,,,,,,,,,,,,,,,,,,,,,,,,,,,,,,,,,,,,,,
14400,0.8860000371932983,0.8730000257492065,0.8340000510215759,0.8370000123977661,0.8250000476837158,0.800000011920929,0.796000063419342,0.796000063419342,0.7750000357627869,0.8250000476837158,0.8100000619888306,0.8160000443458557,0.690000057220459,,,,,,,,,,,,,,,,,,,,,,,,,,,,,,,,,,,,,,,,,,,,,,,,,
14500,0.8860000371932983,0.8730000257492065,0.8370000123977661,0.8390000462532043,0.8220000267028809,0.7990000247955322,0.7940000295639038,0.796000063419342,0.7730000615119934,0.8210000395774841,0.8090000152587891,0.8130000233650208,0.7410000562667847,,,,,,,,,,,,,,,,,,,,,,,,,,,,,,,,,,,,,,,,,,,,,,,,,
14600,0.8860000371932983,0.8690000176429749,0.8350000381469727,0.8340000510215759,0.8190000653266907,0.7980000376701355,0.7910000085830688,0.7950000166893005,0.7740000486373901,0.8220000267028809,0.8100000619888306,0.8090000152587891,0.7670000195503235,,,,,,,,,,,,,,,,,,,,,,,,,,,,,,,,,,,,,,,,,,,,,,,,,
14700,0.8860000371932983,0.8680000305175781,0.8330000638961792,0.8290000557899475,0.8140000104904175,0.7990000247955322,0.7920000553131104,0.7920000553131104,0.7730000615119934,0.8180000185966492,0.8050000667572021,0.8080000281333923,0.7730000615119934,,,,,,,,,,,,,,,,,,,,,,,,,,,,,,,,,,,,,,,,,,,,,,,,,
14800,0.8860000371932983,0.8700000643730164,0.8350000381469727,0.831000030040741,0.812000036239624,0.7970000505447388,0.7920000553131104,0.7920000553131104,0.7690000534057617,0.8160000443458557,0.8040000200271606,0.8030000329017639,0.7910000085830688,,,,,,,,,,,,,,,,,,,,,,,,,,,,,,,,,,,,,,,,,,,,,,,,,
14900,0.8870000243186951,0.8660000562667847,0.8330000638961792,0.8320000171661377,0.8130000233650208,0.7980000376701355,0.7920000553131104,0.7910000085830688,0.7710000276565552,0.8170000314712524,0.8020000457763672,0.8050000667572021,0.7990000247955322,,,,,,,,,,,,,,,,,,,,,,,,,,,,,,,,,,,,,,,,,,,,,,,,,
15000,0.8880000710487366,0.8640000224113464,0.8330000638961792,0.8320000171661377,0.812000036239624,0.7970000505447388,0.7920000553131104,0.7870000600814819,0.7730000615119934,0.8170000314712524,0.8010000586509705,0.8030000329017639,0.8130000233650208,,,,,,,,,,,,,,,,,,,,,,,,,,,,,,,,,,,,,,,,,,,,,,,,,
15100,0.8880000710487366,0.8630000352859497,0.831000030040741,0.8300000429153442,0.8110000491142273,0.7970000505447388,0.7910000085830688,0.7860000133514404,0.7660000324249268,0.8130000233650208,0.8010000586509705,0.8040000200271606,0.8180000185966492,,,,,,,,,,,,,,,,,,,,,,,,,,,,,,,,,,,,,,,,,,,,,,,,,
15200,0.8890000581741333,0.8630000352859497,0.8300000429153442,0.8280000686645508,0.8100000619888306,0.7980000376701355,0.7890000343322754,0.7880000472068787,0.7670000195503235,0.8100000619888306,0.800000011920929,0.8060000538825989,0.8230000138282776,,,,,,,,,,,,,,,,,,,,,,,,,,,,,,,,,,,,,,,,,,,,,,,,,
15275,0.8890000581741333,0.862000048160553,0.831000030040741,0.8270000219345093,0.8080000281333923,0.796000063419342,0.7860000133514404,0.7870000600814819,0.7660000324249268,0.8100000619888306,0.800000011920929,0.8030000329017639,0.8300000429153442,,,,,,,,12.0,704.0,459.0,295.0,215.0,183.0,162.0,148.0,144.0,131.0,125.0,2566.0,89033.703125,55558.6328125,65000.6015625,80679.890625,82594.3125,87092.015625,90330.828125,87090.265625,92330.15625,87277.1328125,80392.1171875,50717.734375,60700.91015625,76330.578125,78350.765625,82949.1875,86218.8671875,83602.46875,88846.0703125,84099.734375,8680.5185546875,4852.4755859375,4310.7578125,4365.052734375,4259.943359375,4159.166015625,4123.8779296875,3500.485595703125,3496.626953125,3189.62353515625
15300,0.8890000581741333,0.8600000143051147,0.8270000219345093,0.8320000171661377,0.8060000538825989,0.7930000424385071,0.784000039100647,0.7830000519752502,0.7680000066757202,0.8100000619888306,0.7930000424385071,0.8020000457763672,0.8220000267028809,0.24400001764297485,,,,,,,,,,,,,,,,,,,,,,,,,,,,,,,,,,,,,,,,,,,,,,,,
15400,0.8960000276565552,0.8580000400543213,0.8220000267028809,0.8320000171661377,0.8070000410079956,0.784000039100647,0.7820000648498535,0.7820000648498535,0.7590000629425049,0.8050000667572021,0.7920000553131104,0.8050000667572021,0.8180000185966492,0.5460000038146973,,,,,,,,,,,,,,,,,,,,,,,,,,,,,,,,,,,,,,,,,,,,,,,,
15500,0.8970000147819519,0.8630000352859497,0.8250000476837158,0.8290000557899475,0.8060000538825989,0.7880000472068787,0.7790000438690186,0.7760000228881836,0.7560000419616699,0.8020000457763672,0.7900000214576721,0.8020000457763672,0.812000036239624,0.6580000519752502,,,,,,,,,,,,,,,,,,,,,,,,,,,,,,,,,,,,,,,,,,,,,,,,
15600,0.8920000195503235,0.8640000224113464,0.8220000267028809,0.8270000219345093,0.800000011920929,0.7820000648498535,0.7780000567436218,0.7750000357627869,0.7520000338554382,0.8030000329017639,0.7890000343322754,0.8020000457763672,0.8140000104904175,0.7090000510215759,,,,,,,,,,,,,,,,,,,,,,,,,,,,,,,,,,,,,,,,,,,,,,,,
15700,0.8880000710487366,0.8610000610351562,0.8210000395774841,0.8230000138282776,0.7940000295639038,0.781000018119812,0.7740000486373901,0.7710000276565552,0.7450000643730164,0.800000011920929,0.784000039100647,0.8040000200271606,0.812000036239624,0.7490000128746033,,,,,,,,,,,,,,,,,,,,,,,,,,,,,,,,,,,,,,,,,,,,,,,,
15800,0.8880000710487366,0.8560000658035278,0.8200000524520874,0.8240000605583191,0.7920000553131104,0.7790000438690186,0.7690000534057617,0.7690000534057617,0.7430000305175781,0.800000011920929,0.781000018119812,0.8020000457763672,0.8070000410079956,0.7680000066757202,,,,,,,,,,,,,,,,,,,,,,,,,,,,,,,,,,,,,,,,,,,,,,,,
15900,0.8880000710487366,0.8540000319480896,0.8160000443458557,0.8190000653266907,0.7890000343322754,0.7800000309944153,0.7630000114440918,0.7660000324249268,0.7430000305175781,0.800000011920929,0.7800000309944153,0.796000063419342,0.8050000667572021,0.7790000438690186,,,,,,,,,,,,,,,,,,,,,,,,,,,,,,,,,,,,,,,,,,,,,,,,
16000,0.8860000371932983,0.8530000448226929,0.815000057220459,0.8170000314712524,0.7890000343322754,0.7800000309944153,0.7600000500679016,0.76500004529953,0.7450000643730164,0.7940000295639038,0.7790000438690186,0.7950000166893005,0.800000011920929,0.7880000472068787,,,,,,,,,,,,,,,,,,,,,,,,,,,,,,,,,,,,,,,,,,,,,,,,
16100,0.8850000500679016,0.8520000576972961,0.812000036239624,0.8190000653266907,0.7910000085830688,0.7790000438690186,0.7570000290870667,0.7630000114440918,0.7460000514984131,0.7900000214576721,0.7760000228881836,0.7910000085830688,0.8040000200271606,0.7930000424385071,,,,,,,,,,,,,,,,,,,,,,,,,,,,,,,,,,,,,,,,,,,,,,,,
16200,0.8870000243186951,0.8520000576972961,0.8140000104904175,0.8190000653266907,0.7890000343322754,0.7770000100135803,0.7570000290870667,0.7580000162124634,0.7450000643730164,0.7890000343322754,0.7760000228881836,0.7900000214576721,0.8010000586509705,0.800000011920929,,,,,,,,,,,,,,,,,,,,,,,,,,,,,,,,,,,,,,,,,,,,,,,,
16300,0.8870000243186951,0.8510000109672546,0.812000036239624,0.8200000524520874,0.7880000472068787,0.7770000100135803,0.7580000162124634,0.7580000162124634,0.7420000433921814,0.7890000343322754,0.7760000228881836,0.7880000472068787,0.8040000200271606,0.8160000443458557,,,,,,,,,,,,,,,,,,,,,,,,,,,,,,,,,,,,,,,,,,,,,,,,
16400,0.8880000710487366,0.8500000238418579,0.812000036239624,0.8200000524520874,0.7880000472068787,0.7780000567436218,0.7600000500679016,0.7560000419616699,0.7400000095367432,0.7880000472068787,0.7730000615119934,0.7880000472068787,0.8010000586509705,0.8220000267028809,,,,,,,,,,,,,,,,,,,,,,,,,,,,,,,,,,,,,,,,,,,,,,,,
16450,0.8870000243186951,0.8510000109672546,0.812000036239624,0.8190000653266907,0.7870000600814819,0.7770000100135803,0.7590000629425049,0.7550000548362732,0.7390000224113464,0.7880000472068787,0.7710000276565552,0.7860000133514404,0.8020000457763672,0.8280000686645508,,,,,,,13.0,712.0,467.0,300.0,218.0,186.0,164.0,150.0,145.0,133.0,126.0,2601.0,89671.03125,54494.984375,61231.99609375,79433.203125,81113.71875,84959.265625,90400.21875,87011.1796875,91570.3828125,86953.9375,81745.359375,50067.4765625,56991.875,74808.859375,77111.046875,81150.875,86529.0078125,83715.9609375,88127.5,83817.8984375,7965.4306640625,4439.9541015625,4251.30078125,4639.20654296875,4016.1962890625,3821.248291015625,3884.7587890625,3307.764404296875,3454.8857421875,3150.223388671875
16500,0.8870000243186951,0.8530000448226929,0.8090000152587891,0.8200000524520874,0.7760000228881836,0.7780000567436218,0.7560000419616699,0.7570000290870667,0.7400000095367432,0.7920000553131104,0.76500004529953,0.7830000519752502,0.8070000410079956,0.831000030040741,0.3410000205039978,,,,,,,,,,,,,,,,,,,,,,,,,,,,,,,,,,,,,,,,,,,,,,,
16600,0.878000020980835,0.8520000576972961,0.8100000619888306,0.8100000619888306,0.7730000615119934,0.7800000309944153,0.7570000290870667,0.7620000243186951,0.7350000143051147,0.7950000166893005,0.7640000581741333,0.7770000100135803,0.8010000586509705,0.8330000638961792,0.5480000376701355,,,,,,,,,,,,,,,,,,,,,,,,,,,,,,,,,,,,,,,,,,,,,,,
16700,0.8810000419616699,0.8570000529289246,0.8050000667572021,0.8080000281333923,0.7720000147819519,0.7760000228881836,0.7590000629425049,0.7620000243186951,0.7320000529289246,0.7970000505447388,0.7610000371932983,0.7710000276565552,0.7970000505447388,0.8240000605583191,0.6480000019073486,,,,,,,,,,,,,,,,,,,,,,,,,,,,,,,,,,,,,,,,,,,,,,,
16800,0.8800000548362732,0.8550000190734863,0.800000011920929,0.8060000538825989,0.7690000534057617,0.7730000615119934,0.7590000629425049,0.7610000371932983,0.7320000529289246,0.7920000553131104,0.7540000081062317,0.7720000147819519,0.7940000295639038,0.8250000476837158,0.6930000185966492,,,,,,,,,,,,,,,,,,,,,,,,,,,,,,,,,,,,,,,,,,,,,,,
16900,0.8800000548362732,0.8560000658035278,0.800000011920929,0.8090000152587891,0.7690000534057617,0.7720000147819519,0.7570000290870667,0.7580000162124634,0.7240000367164612,0.7900000214576721,0.7520000338554382,0.76500004529953,0.7910000085830688,0.8200000524520874,0.7240000367164612,,,,,,,,,,,,,,,,,,,,,,,,,,,,,,,,,,,,,,,,,,,,,,,
17000,0.8770000338554382,0.8560000658035278,0.7980000376701355,0.8090000152587891,0.7690000534057617,0.7740000486373901,0.753000020980835,0.7600000500679016,0.718000054359436,0.7870000600814819,0.7480000257492065,0.7660000324249268,0.7910000085830688,0.8190000653266907,0.7420000433921814,,,,,,,,,,,,,,,,,,,,,,,,,,,,,,,,,,,,,,,,,,,,,,,
17100,0.8770000338554382,0.8580000400543213,0.7980000376701355,0.8080000281333923,0.7670000195503235,0.7760000228881836,0.7520000338554382,0.7570000290870667,0.7160000205039978,0.7880000472068787,0.7450000643730164,0.7620000243186951,0.7910000085830688,0.8160000443458557,0.7580000162124634,,,,,,,,,,,,,,,,,,,,,,,,,,,,,,,,,,,,,,,,,,,,,,,
17200,0.8750000596046448,0.859000027179718,0.7990000247955322,0.8060000538825989,0.7670000195503235,0.7760000228881836,0.7490000128746033,0.7540000081062317,0.7150000333786011,0.7880000472068787,0.7410000562667847,0.7610000371932983,0.7940000295639038,0.812000036239624,0.7720000147819519,,,,,,,,,,,,,,,,,,,,,,,,,,,,,,,,,,,,,,,,,,,,,,,
17300,0.8740000128746033,0.8580000400543213,0.7990000247955322,0.8040000200271606,0.7690000534057617,0.7770000100135803,0.7480000257492065,0.7550000548362732,0.7160000205039978,0.7860000133514404,0.7380000352859497,0.7590000629425049,0.7940000295639038,0.8100000619888306,0.7850000262260437,,,,,,,,,,,,,,,,,,,,,,,,,,,,,,,,,,,,,,,,,,,,,,,
17400,0.8750000596046448,0.8580000400543213,0.7980000376701355,0.8040000200271606,0.7670000195503235,0.7770000100135803,0.7500000596046448,0.7550000548362732,0.7140000462532043,0.7850000262260437,0.737000048160553,0.7580000162124634,0.7930000424385071,0.8060000538825989,0.7970000505447388,,,,,,,,,,,,,,,,,,,,,,,,,,,,,,,,,,,,,,,,,,,,,,,
17500,0.8760000467300415,0.8570000529289246,0.7980000376701355,0.8040000200271606,0.7670000195503235,0.7760000228881836,0.7480000257492065,0.7540000081062317,0.7130000591278076,0.7830000519752502,0.7350000143051147,0.7620000243186951,0.7910000085830688,0.8030000329017639,0.8020000457763672,,,,,,,,,,,,,,,,,,,,,,,,,,,,,,,,,,,,,,,,,,,,,,,
17600,0.878000020980835,0.8570000529289246,0.7950000166893005,0.8060000538825989,0.7670000195503235,0.7760000228881836,0.7450000643730164,0.7520000338554382,0.7130000591278076,0.781000018119812,0.7350000143051147,0.7630000114440918,0.7920000553131104,0.8010000586509705,0.8070000410079956,,,,,,,,,,,,,,,,,,,,,,,,,,,,,,,,,,,,,,,,,,,,,,,
17625,0.8770000338554382,0.8570000529289246,0.7940000295639038,0.8060000538825989,0.7670000195503235,0.7760000228881836,0.7450000643730164,0.7520000338554382,0.7130000591278076,0.7800000309944153,0.7360000610351562,0.7620000243186951,0.7920000553131104,0.8010000586509705,0.8100000619888306,,,,,,14.0,719.0,474.0,305.0,221.0,188.0,166.0,151.0,146.0,134.0,127.0,2631.0,89698.4921875,58617.40234375,66609.171875,80195.046875,83895.328125,85480.5,92246.671875,88491.625,93889.7109375,87805.5,83191.140625,54281.28125,62472.9296875,76009.140625,79960.0234375,81619.71875,88222.2734375,84545.4375,90130.1484375,84535.53125,6545.12158203125,4348.427734375,4146.984375,4200.50732421875,3949.66748046875,3875.489013671875,4038.57373046875,3954.93212890625,3771.33349609375,3279.97705078125
17700,0.8770000338554382,0.8540000319480896,0.7950000166893005,0.8020000457763672,0.7630000114440918,0.7700000405311584,0.7490000128746033,0.7580000162124634,0.7080000042915344,0.784000039100647,0.7390000224113464,0.7610000371932983,0.7930000424385071,0.7920000553131104,0.8050000667572021,0.4220000207424164,,,,,,,,,,,,,,,,,,,,,,,,,,,,,,,,,,,,,,,,,,,,,,
17800,0.8720000386238098,0.8550000190734863,0.7950000166893005,0.7920000553131104,0.7570000290870667,0.7640000581741333,0.7440000176429749,0.7460000514984131,0.7010000348091125,0.7780000567436218,0.737000048160553,0.7500000596046448,0.7920000553131104,0.784000039100647,0.8080000281333923,0.5980000495910645,,,,,,,,,,,,,,,,,,,,,,,,,,,,,,,,,,,,,,,,,,,,,,
17900,0.8650000691413879,0.8530000448226929,0.7900000214576721,0.7850000262260437,0.7520000338554382,0.7610000371932983,0.7480000257492065,0.7350000143051147,0.6980000138282776,0.7690000534057617,0.734000027179718,0.7470000386238098,0.7910000085830688,0.7760000228881836,0.8100000619888306,0.6610000133514404,,,,,,,,,,,,,,,,,,,,,,,,,,,,,,,,,,,,,,,,,,,,,,
18000,0.8660000562667847,0.8520000576972961,0.7950000166893005,0.7830000519752502,0.7490000128746033,0.7550000548362732,0.7460000514984131,0.7280000448226929,0.6940000057220459,0.7690000534057617,0.7350000143051147,0.7400000095367432,0.7880000472068787,0.7730000615119934,0.8100000619888306,0.706000030040741,,,,,,,,,,,,,,,,,,,,,,,,,,,,,,,,,,,,,,,,,,,,,,
18100,0.8640000224113464,0.8520000576972961,0.7980000376701355,0.7770000100135803,0.7510000467300415,0.7550000548362732,0.7400000095367432,0.7270000576972961,0.6890000104904175,0.7660000324249268,0.7320000529289246,0.7390000224113464,0.7850000262260437,0.7670000195503235,0.8090000152587891,0.7300000190734863,,,,,,,,,,,,,,,,,,,,,,,,,,,,,,,,,,,,,,,,,,,,,,
18200,0.8600000143051147,0.8500000238418579,0.7970000505447388,0.7750000357627869,0.7500000596046448,0.7540000081062317,0.737000048160553,0.7220000624656677,0.6890000104904175,0.7620000243186951,0.7330000400543213,0.7410000562667847,0.7870000600814819,0.7690000534057617,0.8040000200271606,0.7460000514984131,,,,,,,,,,,,,,,,,,,,,,,,,,,,,,,,,,,,,,,,,,,,,,
18300,0.8600000143051147,0.8500000238418579,0.7970000505447388,0.7770000100135803,0.7490000128746033,0.753000020980835,0.7310000061988831,0.718000054359436,0.6880000233650208,0.7600000500679016,0.7320000529289246,0.737000048160553,0.7870000600814819,0.7680000066757202,0.7980000376701355,0.7600000500679016,,,,,,,,,,,,,,,,,,,,,,,,,,,,,,,,,,,,,,,,,,,,,,
18400,0.859000027179718,0.8510000109672546,0.7990000247955322,0.7720000147819519,0.7500000596046448,0.7510000467300415,0.7280000448226929,0.7140000462532043,0.6890000104904175,0.7590000629425049,0.7320000529289246,0.7320000529289246,0.7820000648498535,0.7640000581741333,0.7950000166893005,0.7760000228881836,,,,,,,,,,,,,,,,,,,,,,,,,,,,,,,,,,,,,,,,,,,,,,
18500,0.8570000529289246,0.8510000109672546,0.8020000457763672,0.7730000615119934,0.7480000257492065,0.7500000596046448,0.7240000367164612,0.7130000591278076,0.6880000233650208,0.7570000290870667,0.7310000061988831,0.7290000319480896,0.7730000615119934,0.7660000324249268,0.7900000214576721,0.7860000133514404,,,,,,,,,,,,,,,,,,,,,,,,,,,,,,,,,,,,,,,,,,,,,,
18600,0.8570000529289246,0.8490000367164612,0.8020000457763672,0.7730000615119934,0.7480000257492065,0.7490000128746033,0.7220000624656677,0.7120000123977661,0.6890000104904175,0.7590000629425049,0.7300000190734863,0.7270000576972961,0.7700000405311584,0.76500004529953,0.7900000214576721,0.7980000376701355,,,,,,,,,,,,,,,,,,,,,,,,,,,,,,,,,,,,,,,,,,,,,,
18700,0.8570000529289246,0.8500000238418579,0.7990000247955322,0.7730000615119934,0.7470000386238098,0.7480000257492065,0.7210000157356262,0.7140000462532043,0.6860000491142273,0.7570000290870667,0.7270000576972961,0.7230000495910645,0.7680000066757202,0.7630000114440918,0.7900000214576721,0.8060000538825989,,,,,,,,,,,,,,,,,,,,,,,,,,,,,,,,,,,,,,,,,,,,,,
18800,0.8570000529289246,0.8490000367164612,0.7990000247955322,0.7690000534057617,0.7470000386238098,0.7470000386238098,0.718000054359436,0.7150000333786011,0.6840000152587891,0.7560000419616699,0.7250000238418579,0.7210000157356262,0.7660000324249268,0.7610000371932983,0.7850000262260437,0.8100000619888306,,,,,15.0,724.0,480.0,309.0,224.0,190.0,168.0,154.0,148.0,136.0,129.0,2662.0,87736.171875,57923.609375,64952.609375,79405.84375,80783.0703125,82872.4140625,87492.875,87304.4765625,92444.359375,87114.5078125,81547.703125,54005.8046875,61376.2109375,75505.453125,77083.375,79081.859375,83483.890625,83637.59375,88657.234375,83829.765625,6222.2685546875,3928.943359375,3585.89892578125,3914.71240234375,3712.6474609375,3804.7314453125,4026.22119140625,3680.072265625,3799.4267578125,3296.18115234375
18800,0.8570000529289246,0.8480000495910645,0.7980000376701355,0.7700000405311584,0.7470000386238098,0.7480000257492065,0.7190000414848328,0.7150000333786011,0.6840000152587891,0.7560000419616699,0.7250000238418579,0.7200000286102295,0.7660000324249268,0.7610000371932983,0.7850000262260437,0.8100000619888306,0.0650000050663948,,,,,,,,,,,,,,,,,,,,,,,,,,,,,,,,,,,,,,,,,,,,,
18900,0.859000027179718,0.8500000238418579,0.800000011920929,0.7660000324249268,0.7540000081062317,0.7510000467300415,0.7130000591278076,0.7140000462532043,0.6760000586509705,0.7540000081062317,0.7290000319480896,0.7120000123977661,0.7620000243186951,0.753000020980835,0.7760000228881836,0.8040000200271606,0.3930000066757202,,,,,,,,,,,,,,,,,,,,,,,,,,,,,,,,,,,,,,,,,,,,,
19000,0.8610000610351562,0.8460000157356262,0.796000063419342,0.7640000581741333,0.7510000467300415,0.7470000386238098,0.7050000429153442,0.706000030040741,0.6760000586509705,0.7540000081062317,0.7240000367164612,0.7200000286102295,0.7560000419616699,0.7490000128746033,0.7680000066757202,0.8030000329017639,0.5790000557899475,,,,,,,,,,,,,,,,,,,,,,,,,,,,,,,,,,,,,,,,,,,,,
19100,0.8600000143051147,0.8450000286102295,0.7920000553131104,0.7570000290870667,0.7510000467300415,0.7410000562667847,0.6980000138282776,0.6940000057220459,0.6730000376701355,0.7440000176429749,0.7190000414848328,0.7150000333786011,0.7470000386238098,0.7380000352859497,0.7580000162124634,0.7890000343322754,0.6690000295639038,,,,,,,,,,,,,,,,,,,,,,,,,,,,,,,,,,,,,,,,,,,,,
19200,0.8570000529289246,0.8450000286102295,0.7970000505447388,0.7520000338554382,0.7490000128746033,0.7450000643730164,0.6930000185966492,0.6910000443458557,0.6720000505447388,0.7440000176429749,0.7150000333786011,0.7080000042915344,0.7470000386238098,0.734000027179718,0.7480000257492065,0.7820000648498535,0.7160000205039978,,,,,,,,,,,,,,,,,,,,,,,,,,,,,,,,,,,,,,,,,,,,,
19300,0.8560000658035278,0.8440000414848328,0.7940000295639038,0.7510000467300415,0.7490000128746033,0.7400000095367432,0.6950000524520874,0.6830000281333923,0.6700000166893005,0.7400000095367432,0.7120000123977661,0.7080000042915344,0.7460000514984131,0.7320000529289246,0.7470000386238098,0.7820000648498535,0.7420000433921814,,,,,,,,,,,,,,,,,,,,,,,,,,,,,,,,,,,,,,,,,,,,,
19400,0.8560000658035278,0.8380000591278076,0.7940000295639038,0.7490000128746033,0.7480000257492065,0.7380000352859497,0.6940000057220459,0.6810000538825989,0.6700000166893005,0.7380000352859497,0.7140000462532043,0.7020000219345093,0.7460000514984131,0.7300000190734863,0.7360000610351562,0.7790000438690186,0.7630000114440918,,,,,,,,,,,,,,,,,,,,,,,,,,,,,,,,,,,,,,,,,,,,,
19500,0.8560000658035278,0.8380000591278076,0.7970000505447388,0.7490000128746033,0.7500000596046448,0.7360000610351562,0.6860000491142273,0.6720000505447388,0.6700000166893005,0.7380000352859497,0.7130000591278076,0.7010000348091125,0.7450000643730164,0.7240000367164612,0.7330000400543213,0.7760000228881836,0.7820000648498535,,,,,,,,,,,,,,,,,,,,,,,,,,,,,,,,,,,,,,,,,,,,,
19600,0.8550000190734863,0.8400000333786011,0.7970000505447388,0.7450000643730164,0.7490000128746033,0.7350000143051147,0.6850000619888306,0.6710000038146973,0.6690000295639038,0.7390000224113464,0.7120000123977661,0.6970000267028809,0.7430000305175781,0.7190000414848328,0.7320000529289246,0.7710000276565552,0.7920000553131104,,,,,,,,,,,,,,,,,,,,,,,,,,,,,,,,,,,,,,,,,,,,,
19700,0.8550000190734863,0.8360000252723694,0.7980000376701355,0.7440000176429749,0.7500000596046448,0.7320000529289246,0.6830000281333923,0.6700000166893005,0.6690000295639038,0.7380000352859497,0.7080000042915344,0.6960000395774841,0.7390000224113464,0.7150000333786011,0.7300000190734863,0.7680000066757202,0.8020000457763672,,,,,,,,,,,,,,,,,,,,,,,,,,,,,,,,,,,,,,,,,,,,,
19800,0.8560000658035278,0.8370000123977661,0.796000063419342,0.7460000514984131,0.7500000596046448,0.7200000286102295,0.6800000071525574,0.6690000295639038,0.6670000553131104,0.7330000400543213,0.703000009059906,0.6940000057220459,0.7360000610351562,0.7140000462532043,0.7260000109672546,0.7680000066757202,0.8080000281333923,,,,,,,,,,,,,,,,,,,,,,,,,,,,,,,,,,,,,,,,,,,,,
19900,0.8540000319480896,0.8360000252723694,0.7950000166893005,0.7460000514984131,0.7490000128746033,0.7200000286102295,0.6800000071525574,0.6630000472068787,0.6670000553131104,0.734000027179718,0.7040000557899475,0.6930000185966492,0.734000027179718,0.7120000123977661,0.7250000238418579,0.76500004529953,0.8140000104904175,,,,,,,,,,,,,,,,,,,,,,,,,,,,,,,,,,,,,,,,,,,,,
19975,0.8530000448226929,0.8360000252723694,0.7950000166893005,0.7470000386238098,0.7470000386238098,0.7190000414848328,0.6770000457763672,0.6630000472068787,0.6670000553131104,0.7320000529289246,0.703000009059906,0.6910000443458557,0.7330000400543213,0.7120000123977661,0.7250000238418579,0.7630000114440918,0.8110000491142273,,,,16.0,728.0,486.0,313.0,227.0,192.0,170.0,156.0,150.0,138.0,131.0,2691.0,89015.171875,57579.5390625,65038.96875,80136.9609375,83848.71875,86381.578125,91886.484375,88983.75,93431.859375,90145.09375,83504.640625,53480.7421875,60917.5859375,76134.328125,80092.25,82160.859375,87877.65625,84875.59375,89424.3828125,86777.78125,5553.98779296875,4111.44873046875,4132.89501953125,4018.497802734375,3768.919921875,4235.9072265625,4023.474853515625,4118.55712890625,4015.025146484375,3377.08935546875
20000,0.8540000319480896,0.8420000672340393,0.7950000166893005,0.737000048160553,0.7450000643730164,0.7240000367164612,0.6760000586509705,0.6650000214576721,0.6650000214576721,0.734000027179718,0.7010000348091125,0.6930000185966492,0.7380000352859497,0.7080000042915344,0.7190000414848328,0.7680000066757202,0.8100000619888306,0.18200001120567322,,,,,,,,,,,,,,,,,,,,,,,,,,,,,,,,,,,,,,,,,,,,
20100,0.8530000448226929,0.8320000171661377,0.7880000472068787,0.7380000352859497,0.737000048160553,0.7240000367164612,0.6800000071525574,0.656000018119812,0.6620000600814819,0.734000027179718,0.6980000138282776,0.6830000281333923,0.7350000143051147,0.6980000138282776,0.718000054359436,0.7480000257492065,0.7940000295639038,0.5010000467300415,,,,,,,,,,,,,,,,,,,,,,,,,,,,,,,,,,,,,,,,,,,,
20200,0.8520000576972961,0.8390000462532043,0.7870000600814819,0.734000027179718,0.737000048160553,0.7220000624656677,0.6740000247955322,0.6550000309944153,0.6530000567436218,0.7310000061988831,0.6940000057220459,0.6770000457763672,0.7280000448226929,0.6960000395774841,0.7100000381469727,0.734000027179718,0.7870000600814819,0.6190000176429749,,,,,,,,,,,,,,,,,,,,,,,,,,,,,,,,,,,,,,,,,,,,
20300,0.8520000576972961,0.8350000381469727,0.7890000343322754,0.7350000143051147,0.7310000061988831,0.7150000333786011,0.6770000457763672,0.6480000019073486,0.6440000534057617,0.7310000061988831,0.6890000104904175,0.675000011920929,0.7300000190734863,0.6940000057220459,0.7080000042915344,0.7290000319480896,0.7820000648498535,0.6810000538825989,,,,,,,,,,,,,,,,,,,,,,,,,,,,,,,,,,,,,,,,,,,,
20400,0.8510000109672546,0.831000030040741,0.7870000600814819,0.7320000529289246,0.7300000190734863,0.7160000205039978,0.6730000376701355,0.6480000019073486,0.6390000581741333,0.7300000190734863,0.6890000104904175,0.6680000424385071,0.7290000319480896,0.6880000233650208,0.7110000252723694,0.7260000109672546,0.7790000438690186,0.7100000381469727,,,,,,,,,,,,,,,,,,,,,,,,,,,,,,,,,,,,,,,,,,,,
20500,0.8500000238418579,0.8290000557899475,0.784000039100647,0.7290000319480896,0.7300000190734863,0.7110000252723694,0.6720000505447388,0.6380000114440918,0.6350000500679016,0.7270000576972961,0.6820000410079956,0.6620000600814819,0.7240000367164612,0.687000036239624,0.7070000171661377,0.7260000109672546,0.7800000309944153,0.7380000352859497,,,,,,,,,,,,,,,,,,,,,,,,,,,,,,,,,,,,,,,,,,,,
20600,0.8520000576972961,0.8290000557899475,0.7830000519752502,0.7310000061988831,0.7290000319480896,0.7100000381469727,0.6680000424385071,0.6320000290870667,0.6360000371932983,0.7240000367164612,0.6810000538825989,0.656000018119812,0.7230000495910645,0.6820000410079956,0.706000030040741,0.7230000495910645,0.7790000438690186,0.7520000338554382,,,,,,,,,,,,,,,,,,,,,,,,,,,,,,,,,,,,,,,,,,,,
20700,0.8510000109672546,0.8290000557899475,0.7820000648498535,0.734000027179718,0.7270000576972961,0.7100000381469727,0.6630000472068787,0.6290000081062317,0.6310000419616699,0.7230000495910645,0.6790000200271606,0.6530000567436218,0.7250000238418579,0.6820000410079956,0.7070000171661377,0.7170000076293945,0.7780000567436218,0.7740000486373901,,,,,,,,,,,,,,,,,,,,,,,,,,,,,,,,,,,,,,,,,,,,
20800,0.8480000495910645,0.8280000686645508,0.7820000648498535,0.7320000529289246,0.7250000238418579,0.7070000171661377,0.6650000214576721,0.6240000128746033,0.6300000548362732,0.7240000367164612,0.6780000329017639,0.6510000228881836,0.7270000576972961,0.6830000281333923,0.706000030040741,0.7150000333786011,0.7760000228881836,0.7820000648498535,,,,,,,,,,,,,,,,,,,,,,,,,,,,,,,,,,,,,,,,,,,,
20900,0.8490000367164612,0.8270000219345093,0.784000039100647,0.7320000529289246,0.7260000109672546,0.7070000171661377,0.6630000472068787,0.6230000257492065,0.6320000290870667,0.7240000367164612,0.6770000457763672,0.6490000486373901,0.7310000061988831,0.6820000410079956,0.7050000429153442,0.7090000510215759,0.7750000357627869,0.7930000424385071,,,,,,,,,,,,,,,,,,,,,,,,,,,,,,,,,,,,,,,,,,,,
21000,0.8490000367164612,0.8290000557899475,0.784000039100647,0.7290000319480896,0.7230000495910645,0.7110000252723694,0.6610000133514404,0.625,0.6270000338554382,0.7250000238418579,0.6720000505447388,0.6490000486373901,0.7320000529289246,0.6840000152587891,0.7040000557899475,0.706000030040741,0.7720000147819519,0.8040000200271606,,,,,,,,,,,,,,,,,,,,,,,,,,,,,,,,,,,,,,,,,,,,
21100,0.8490000367164612,0.8260000348091125,0.7830000519752502,0.7290000319480896,0.7230000495910645,0.7100000381469727,0.6610000133514404,0.6220000386238098,0.6270000338554382,0.7220000624656677,0.6700000166893005,0.6480000019073486,0.7310000061988831,0.6810000538825989,0.7040000557899475,0.6990000605583191,0.7670000195503235,0.8090000152587891,,,,,,,,,,,,,,,,,,,,,,,,,,,,,,,,,,,,,,,,,,,,
21150,0.8490000367164612,0.8250000476837158,0.7820000648498535,0.7260000109672546,0.7220000624656677,0.7100000381469727,0.6580000519752502,0.6200000047683716,0.6260000467300415,0.7220000624656677,0.6680000424385071,0.6480000019073486,0.7300000190734863,0.6820000410079956,0.7040000557899475,0.6970000267028809,0.7660000324249268,0.815000057220459,,,17.0,732.0,491.0,317.0,229.0,194.0,172.0,158.0,152.0,140.0,132.0,2717.0,91015.03125,58995.3671875,64494.4765625,79328.8828125,83093.890625,86110.703125,92854.3125,90572.09375,93925.21875,89403.6484375,85400.40625,55048.1796875,60790.8671875,75406.2890625,79100.96875,82368.546875,89060.515625,87067.796875,90288.109375,86301.109375,5658.5419921875,3958.84521484375,3713.0107421875,3941.552734375,4007.2900390625,3758.81494140625,3806.55908203125,3514.577392578125,3649.84130859375,3114.912109375
21200,0.8460000157356262,0.8260000348091125,0.7790000438690186,0.7290000319480896,0.7220000624656677,0.703000009059906,0.6580000519752502,0.6180000305175781,0.6210000514984131,0.7190000414848328,0.6510000228881836,0.6370000243186951,0.7260000109672546,0.6810000538825989,0.6990000605583191,0.6930000185966492,0.753000020980835,0.8090000152587891,0.26200002431869507,,,,,,,,,,,,,,,,,,,,,,,,,,,,,,,,,,,,,,,,,,,
21300,0.8480000495910645,0.8270000219345093,0.7720000147819519,0.7260000109672546,0.7250000238418579,0.6990000605583191,0.6570000052452087,0.6150000095367432,0.6240000128746033,0.7010000348091125,0.6310000419616699,0.6170000433921814,0.7020000219345093,0.6740000247955322,0.690000057220459,0.6810000538825989,0.7390000224113464,0.8040000200271606,0.5290000438690186,,,,,,,,,,,,,,,,,,,,,,,,,,,,,,,,,,,,,,,,,,,
21400,0.8420000672340393,0.8220000267028809,0.76500004529953,0.7150000333786011,0.7210000157356262,0.6930000185966492,0.6570000052452087,0.6110000014305115,0.6140000224113464,0.6980000138282776,0.628000020980835,0.6080000400543213,0.6950000524520874,0.6690000295639038,0.6820000410079956,0.6760000586509705,0.7300000190734863,0.7920000553131104,0.628000020980835,,,,,,,,,,,,,,,,,,,,,,,,,,,,,,,,,,,,,,,,,,,
21500,0.8370000123977661,0.8190000653266907,0.7660000324249268,0.7140000462532043,0.7110000252723694,0.6850000619888306,0.6580000519752502,0.6100000143051147,0.6100000143051147,0.6960000395774841,0.628000020980835,0.597000002861023,0.6780000329017639,0.6630000472068787,0.6790000200271606,0.6710000038146973,0.7300000190734863,0.7830000519752502,0.6820000410079956,,,,,,,,,,,,,,,,,,,,,,,,,,,,,,,,,,,,,,,,,,,
21600,0.8340000510215759,0.815000057220459,0.7620000243186951,0.7100000381469727,0.7140000462532043,0.6830000281333923,0.6610000133514404,0.612000048160553,0.6100000143051147,0.6990000605583191,0.6230000257492065,0.593000054359436,0.675000011920929,0.659000039100647,0.6770000457763672,0.6690000295639038,0.7250000238418579,0.7740000486373901,0.7110000252723694,,,,,,,,,,,,,,,,,,,,,,,,,,,,,,,,,,,,,,,,,,,
21700,0.8350000381469727,0.8160000443458557,0.7630000114440918,0.7040000557899475,0.7150000333786011,0.6780000329017639,0.6580000519752502,0.6080000400543213,0.6060000061988831,0.6950000524520874,0.6220000386238098,0.5900000333786011,0.675000011920929,0.656000018119812,0.6740000247955322,0.6670000553131104,0.7250000238418579,0.7680000066757202,0.7400000095367432,,,,,,,,,,,,,,,,,,,,,,,,,,,,,,,,,,,,,,,,,,,
21800,0.8340000510215759,0.812000036239624,0.7620000243186951,0.6980000138282776,0.7130000591278076,0.6730000376701355,0.6550000309944153,0.6050000190734863,0.6040000319480896,0.6910000443458557,0.6190000176429749,0.5879999995231628,0.6720000505447388,0.6490000486373901,0.6730000376701355,0.6650000214576721,0.7200000286102295,0.7630000114440918,0.7610000371932983,,,,,,,,,,,,,,,,,,,,,,,,,,,,,,,,,,,,,,,,,,,
21900,0.8280000686645508,0.8080000281333923,0.7620000243186951,0.6970000267028809,0.7070000171661377,0.6690000295639038,0.6550000309944153,0.6000000238418579,0.6000000238418579,0.6930000185966492,0.6140000224113464,0.5830000042915344,0.6660000085830688,0.6460000276565552,0.6680000424385071,0.6660000085830688,0.7200000286102295,0.7580000162124634,0.7790000438690186,,,,,,,,,,,,,,,,,,,,,,,,,,,,,,,,,,,,,,,,,,,
22000,0.8280000686645508,0.8040000200271606,0.7620000243186951,0.6960000395774841,0.7020000219345093,0.6680000424385071,0.6530000567436218,0.6010000109672546,0.5980000495910645,0.6890000104904175,0.609000027179718,0.5790000557899475,0.6620000600814819,0.6430000066757202,0.6650000214576721,0.6660000085830688,0.718000054359436,0.7580000162124634,0.7940000295639038,,,,,,,,,,,,,,,,,,,,,,,,,,,,,,,,,,,,,,,,,,,
22100,0.8260000348091125,0.8040000200271606,0.7600000500679016,0.6930000185966492,0.706000030040741,0.6650000214576721,0.6520000100135803,0.6020000576972961,0.5990000367164612,0.690000057220459,0.6070000529289246,0.5770000219345093,0.6600000262260437,0.64000004529953,0.6630000472068787,0.6650000214576721,0.7160000205039978,0.7550000548362732,0.800000011920929,,,,,,,,,,,,,,,,,,,,,,,,,,,,,,,,,,,,,,,,,,,
22200,0.8250000476837158,0.8030000329017639,0.7570000290870667,0.6930000185966492,0.7040000557899475,0.6620000600814819,0.6540000438690186,0.6030000448226929,0.5990000367164612,0.6890000104904175,0.6060000061988831,0.5760000348091125,0.656000018119812,0.6380000114440918,0.6620000600814819,0.6640000343322754,0.7150000333786011,0.753000020980835,0.8090000152587891,,,,,,,,,,,,,,,,,,,,,,,,,,,,,,,,,,,,,,,,,,,
22300,0.8250000476837158,0.7980000376701355,0.7570000290870667,0.6920000314712524,0.7010000348091125,0.6600000262260437,0.6530000567436218,0.6000000238418579,0.5920000076293945,0.6890000104904175,0.6050000190734863,0.5770000219345093,0.6520000100135803,0.6340000033378601,0.6650000214576721,0.6600000262260437,0.7120000123977661,0.7470000386238098,0.8130000233650208,,,,,,,,,,,,,,,,,,,,,,,,,,,,,,,,,,,,,,,,,,,
22325,0.8250000476837158,0.7970000505447388,0.7560000419616699,0.6910000443458557,0.6990000605583191,0.6610000133514404,0.6520000100135803,0.6000000238418579,0.5890000462532043,0.6890000104904175,0.6070000529289246,0.578000009059906,0.6510000228881836,0.6340000033378601,0.6630000472068787,0.6600000262260437,0.7120000123977661,0.7480000257492065,0.8140000104904175,,18.0,735.0,496.0,321.0,232.0,197.0,174.0,160.0,154.0,142.0,134.0,2745.0,91182.9375,59274.75390625,67138.3515625,80580.3046875,82470.90625,86756.71875,91523.609375,90553.1171875,95852.5625,89809.0,85780.09375,55454.1875,63264.1328125,76138.1875,78041.640625,82151.3359375,86720.53125,86100.4453125,91350.140625,85589.34375,5442.146484375,3833.0849609375,3884.572265625,4456.4375,4442.94140625,4620.0,4813.1083984375,4462.71337890625,4516.251953125,4230.01806640625
22400,0.8350000381469727,0.7990000247955322,0.7640000581741333,0.706000030040741,0.706000030040741,0.6610000133514404,0.64000004529953,0.5980000495910645,0.5879999995231628,0.6810000538825989,0.5920000076293945,0.5770000219345093,0.6610000133514404,0.64000004529953,0.6540000438690186,0.6650000214576721,0.6980000138282776,0.7420000433921814,0.8130000233650208,0.3540000021457672,,,,,,,,,,,,,,,,,,,,,,,,,,,,,,,,,,,,,,,,,,
22500,0.831000030040741,0.796000063419342,0.7600000500679016,0.703000009059906,0.7070000171661377,0.656000018119812,0.6350000500679016,0.5960000157356262,0.578000009059906,0.6860000491142273,0.5920000076293945,0.5760000348091125,0.6610000133514404,0.6310000419616699,0.6410000324249268,0.659000039100647,0.690000057220459,0.7290000319480896,0.8010000586509705,0.5649999976158142,,,,,,,,,,,,,,,,,,,,,,,,,,,,,,,,,,,,,,,,,,
22600,0.8270000219345093,0.7860000133514404,0.7560000419616699,0.6980000138282776,0.7010000348091125,0.6540000438690186,0.6290000081062317,0.5900000333786011,0.5770000219345093,0.6820000410079956,0.597000002861023,0.5750000476837158,0.6510000228881836,0.6230000257492065,0.6420000195503235,0.6600000262260437,0.687000036239624,0.7210000157356262,0.7990000247955322,0.6570000052452087,,,,,,,,,,,,,,,,,,,,,,,,,,,,,,,,,,,,,,,,,,
22700,0.8250000476837158,0.784000039100647,0.7580000162124634,0.7000000476837158,0.7020000219345093,0.6530000567436218,0.6230000257492065,0.5900000333786011,0.5770000219345093,0.6770000457763672,0.5920000076293945,0.5770000219345093,0.6470000147819519,0.6210000514984131,0.6370000243186951,0.6470000147819519,0.6860000491142273,0.7150000333786011,0.7940000295639038,0.6910000443458557,,,,,,,,,,,,,,,,,,,,,,,,,,,,,,,,,,,,,,,,,,
22800,0.8250000476837158,0.784000039100647,0.7570000290870667,0.6920000314712524,0.7020000219345093,0.6510000228881836,0.6190000176429749,0.5830000042915344,0.5730000138282776,0.6760000586509705,0.5910000205039978,0.5700000524520874,0.6440000534057617,0.6150000095367432,0.6340000033378601,0.6460000276565552,0.6850000619888306,0.7100000381469727,0.7870000600814819,0.7210000157356262,,,,,,,,,,,,,,,,,,,,,,,,,,,,,,,,,,,,,,,,,,
22900,0.8240000605583191,0.784000039100647,0.7560000419616699,0.6930000185966492,0.7040000557899475,0.6520000100135803,0.6170000433921814,0.5800000429153442,0.5750000476837158,0.6680000424385071,0.593000054359436,0.5710000395774841,0.6390000581741333,0.6140000224113464,0.6310000419616699,0.64000004529953,0.6860000491142273,0.7050000429153442,0.7850000262260437,0.7440000176429749,,,,,,,,,,,,,,,,,,,,,,,,,,,,,,,,,,,,,,,,,,
23000,0.8230000138282776,0.7830000519752502,0.7570000290870667,0.690000057220459,0.7070000171661377,0.6480000019073486,0.6160000562667847,0.5760000348091125,0.5720000267028809,0.6600000262260437,0.5950000286102295,0.5670000314712524,0.6350000500679016,0.6130000352859497,0.628000020980835,0.6390000581741333,0.6840000152587891,0.7020000219345093,0.7820000648498535,0.7600000500679016,,,,,,,,,,,,,,,,,,,,,,,,,,,,,,,,,,,,,,,,,,
23100,0.8210000395774841,0.784000039100647,0.7570000290870667,0.690000057220459,0.7040000557899475,0.6480000019073486,0.6130000352859497,0.5740000009536743,0.5649999976158142,0.6570000052452087,0.597000002861023,0.5640000104904175,0.6330000162124634,0.6110000014305115,0.6300000548362732,0.6380000114440918,0.6780000329017639,0.7020000219345093,0.7820000648498535,0.7670000195503235,,,,,,,,,,,,,,,,,,,,,,,,,,,,,,,,,,,,,,,,,,
23200,0.8220000267028809,0.781000018119812,0.7520000338554382,0.6840000152587891,0.7040000557899475,0.6470000147819519,0.612000048160553,0.5730000138282776,0.5610000491142273,0.6550000309944153,0.597000002861023,0.5640000104904175,0.6360000371932983,0.6080000400543213,0.6290000081062317,0.6360000371932983,0.6800000071525574,0.7000000476837158,0.7800000309944153,0.7820000648498535,,,,,,,,,,,,,,,,,,,,,,,,,,,,,,,,,,,,,,,,,,
23300,0.8220000267028809,0.7780000567436218,0.7520000338554382,0.6810000538825989,0.7000000476837158,0.6430000066757202,0.612000048160553,0.5770000219345093,0.5580000281333923,0.6550000309944153,0.5980000495910645,0.5630000233650208,0.6310000419616699,0.6070000529289246,0.6270000338554382,0.6390000581741333,0.6770000457763672,0.6980000138282776,0.7740000486373901,0.7950000166893005,,,,,,,,,,,,,,,,,,,,,,,,,,,,,,,,,,,,,,,,,,
23400,0.8200000524520874,0.7790000438690186,0.7540000081062317,0.6810000538825989,0.7000000476837158,0.6390000581741333,0.612000048160553,0.5750000476837158,0.5550000071525574,0.6510000228881836,0.5960000157356262,0.5630000233650208,0.6310000419616699,0.6060000061988831,0.6260000467300415,0.6320000290870667,0.6780000329017639,0.6960000395774841,0.7740000486373901,0.800000011920929,,,,,,,,,,,,,,,,,,,,,,,,,,,,,,,,,,,,,,,,,,
23500,0.8190000653266907,0.7770000100135803,0.7540000081062317,0.6790000200271606,0.7000000476837158,0.6380000114440918,0.6140000224113464,0.5750000476837158,0.5520000457763672,0.6490000486373901,0.5980000495910645,0.5600000023841858,0.628000020980835,0.6030000448226929,0.6260000467300415,0.6300000548362732,0.6780000329017639,0.6920000314712524,0.7750000357627869,0.8030000329017639,19.0,737.0,500.0,324.0,234.0,199.0,176.0,162.0,155.0,144.0,136.0,2767.0,89333.578125,59607.5390625,65797.53125,79508.390625,82524.609375,88138.765625,96024.7421875,94244.0,97201.921875,89541.46875,84493.234375,56080.5703125,62248.7265625,75178.234375,78396.0546875,83969.1484375,91970.65625,90289.328125,93283.09375,85925.4765625,4875.1328125,3536.4619140625,3559.05224609375,4340.69482421875,4143.10107421875,4183.1337890625,4069.1328125,3963.90771484375,3933.124755859375,3628.4990234375
