epoch,task_id,train_loss,train_acc,alpha,g,task_1_acc,task_2_acc,task_3_acc,task_4_acc,task_5_acc,task_6_acc,task_7_acc,task_8_acc,task_9_acc,task_10_acc
1,1,29.0912712276109,0.09908333333333333,1.2,1.5,0.0957999974489212,,,,,,,,,
2,1,12.193299741887335,0.33005,1.2,1.5,0.7690999507904053,,,,,,,,,
3,1,0.7222088872750939,0.8234166666666667,1.2,1.5,0.911899983882904,,,,,,,,,
4,1,0.3094908817808257,0.9088333333333334,1.2,1.5,0.9060999751091003,,,,,,,,,
5,1,0.2267940960554426,0.9309833333333334,1.2,1.5,0.9302999973297119,,,,,,,,,
6,1,0.1843833217917602,0.9432833333333334,1.2,1.5,0.9390999674797058,,,,,,,,,
7,1,0.15724510020379828,0.9515833333333333,1.2,1.5,0.9408999681472778,,,,,,,,,
8,1,0.129912334099126,0.9598,1.2,1.5,0.9535999894142151,,,,,,,,,
9,1,0.12206240455463116,0.9625,1.2,1.5,0.9548999667167664,,,,,,,,,
10,1,0.10808892855877435,0.9665166666666667,1.2,1.5,0.9589999914169312,,,,,,,,,
11,1,0.09724691938330877,0.9697333333333333,1.2,1.5,0.965399980545044,,,,,,,,,
12,1,0.08399870000017096,0.97305,1.2,1.5,0.9612999558448792,,,,,,,,,
13,1,0.07504264722421353,0.9758666666666667,1.2,1.5,0.9642999768257141,,,,,,,,,
14,1,0.06774415353388548,0.9788333333333333,1.2,1.5,0.9692999720573425,,,,,,,,,
15,1,0.059930113296129746,0.981,1.2,1.5,0.9650999903678894,,,,,,,,,
16,1,0.054622023242281506,0.9828,1.2,1.5,0.9718999862670898,,,,,,,,,
17,1,0.049628701244196945,0.9842833333333333,1.2,1.5,0.9656999707221985,,,,,,,,,
18,1,0.047068197187830584,0.9848166666666667,1.2,1.5,0.9664999842643738,,,,,,,,,
19,1,0.04127261120685017,0.98705,1.2,1.5,0.9697999954223633,,,,,,,,,
20,1,0.037661314058774854,0.9880166666666667,1.2,1.5,0.973800003528595,,,,,,,,,
1,2,15.26479214671324,0.34528333333333333,1.2,1.5,0.22379998862743378,0.7576000094413757,,,,,,,,
2,2,0.44717436604726035,0.8807333333333334,1.2,1.5,0.13179999589920044,0.8296999931335449,,,,,,,,
3,2,0.2283820137143262,0.9313166666666667,1.2,1.5,0.16489998996257782,0.9382999539375305,,,,,,,,
4,2,0.17412125160381484,0.9478,1.2,1.5,0.12559999525547028,0.9129999876022339,,,,,,,,
5,2,0.13833222436561768,0.9578833333333333,1.2,1.5,0.14229999482631683,0.9576999545097351,,,,,,,,
6,2,0.11617452511464609,0.96385,1.2,1.5,0.1436000019311905,0.9601999521255493,,,,,,,,
7,2,0.09698759634166892,0.9705,1.2,1.5,0.13759998977184296,0.9681999683380127,,,,,,,,
8,2,0.08446060197511271,0.9738166666666667,1.2,1.5,0.1379999965429306,0.9682999849319458,,,,,,,,
9,2,0.07587604333303058,0.9763166666666667,1.2,1.5,0.13199999928474426,0.9673999547958374,,,,,,,,
10,2,0.0643537594194113,0.9798833333333333,1.2,1.5,0.13669998943805695,0.9695999622344971,,,,,,,,
11,2,0.057307433851782094,0.9818,1.2,1.5,0.1550000011920929,0.9682999849319458,,,,,,,,
12,2,0.050918020760771565,0.9841666666666666,1.2,1.5,0.13619999587535858,0.9733999967575073,,,,,,,,
13,2,0.0462562852958118,0.98535,1.2,1.5,0.1103999987244606,0.9662999510765076,,,,,,,,
14,2,0.03950635240480765,0.98775,1.2,1.5,0.14649999141693115,0.9732999801635742,,,,,,,,
15,2,0.03519135944868948,0.9892833333333333,1.2,1.5,0.15429998934268951,0.97079998254776,,,,,,,,
16,2,0.02979591059789403,0.991,1.2,1.5,0.13580000400543213,0.9723999500274658,,,,,,,,
17,2,0.02542757454352068,0.9922833333333333,1.2,1.5,0.13369999825954437,0.9709999561309814,,,,,,,,
18,2,0.020866248655993777,0.9938666666666667,1.2,1.5,0.1395999938249588,0.972599983215332,,,,,,,,
19,2,0.019879996457617722,0.9939,1.2,1.5,0.13509999215602875,0.972599983215332,,,,,,,,
20,2,0.017923965118949545,0.9945833333333334,1.2,1.5,0.13169999420642853,0.9756999611854553,,,,,,,,
1,3,14.337033040837438,0.41445,1.2,1.5,0.04569999873638153,0.4887999892234802,0.8912000060081482,,,,,,,
2,3,0.31597413827996773,0.90805,1.2,1.5,0.06830000132322311,0.4838999807834625,0.9259999990463257,,,,,,,
3,3,0.18821058910030292,0.9417666666666666,1.2,1.5,0.08209999650716782,0.5238000154495239,0.9475999474525452,,,,,,,
4,3,0.14530815203973987,0.9541333333333334,1.2,1.5,0.0738999992609024,0.4625999927520752,0.9432999491691589,,,,,,,
5,3,0.11926806811441872,0.9626333333333333,1.2,1.5,0.05769999697804451,0.4465000033378601,0.9587999582290649,,,,,,,
6,3,0.10195714789134924,0.9681333333333333,1.2,1.5,0.07339999824762344,0.45089998841285706,0.9644999504089355,,,,,,,
7,3,0.08707682750245402,0.9731666666666666,1.2,1.5,0.11309999972581863,0.4834999740123749,0.962399959564209,,,,,,,
8,3,0.07351764219243136,0.9766833333333333,1.2,1.5,0.07000000029802322,0.4098999798297882,0.9721999764442444,,,,,,,
9,3,0.06405015935354841,0.9796166666666667,1.2,1.5,0.06929999589920044,0.45569998025894165,0.9695000052452087,,,,,,,
10,3,0.05727457772118292,0.9823166666666666,1.2,1.5,0.06780000030994415,0.4495999813079834,0.9732999801635742,,,,,,,
11,3,0.048964773796236656,0.9843333333333333,1.2,1.5,0.06019999831914902,0.4536999762058258,0.976099967956543,,,,,,,
12,3,0.042975942126667895,0.98645,1.2,1.5,0.05779999867081642,0.3910999894142151,0.9677000045776367,,,,,,,
13,3,0.036979176965393205,0.9885666666666667,1.2,1.5,0.06549999862909317,0.48479998111724854,0.973099946975708,,,,,,,
14,3,0.03162013185170811,0.9905,1.2,1.5,0.07249999791383743,0.4179999828338623,0.9720999598503113,,,,,,,
15,3,0.027815095318018644,0.9918333333333333,1.2,1.5,0.07689999788999557,0.4721999764442444,0.9756999611854553,,,,,,,
16,3,0.02320342958653604,0.9936,1.2,1.5,0.07180000096559525,0.4396999776363373,0.9759999513626099,,,,,,,
17,3,0.019458211827844477,0.9945166666666667,1.2,1.5,0.0738999992609024,0.4479999840259552,0.9771999716758728,,,,,,,
18,3,0.01569127761073776,0.9957833333333334,1.2,1.5,0.06769999861717224,0.43449997901916504,0.9735999703407288,,,,,,,
19,3,0.012770197117951378,0.9969666666666667,1.2,1.5,0.07409999519586563,0.46469998359680176,0.9759999513626099,,,,,,,
20,3,0.010711168139569287,0.9976833333333334,1.2,1.5,0.07930000126361847,0.4514999985694885,0.9776999950408936,,,,,,,
1,4,8.103740140350897,0.5947666666666667,1.2,1.5,0.15219999849796295,0.3215000033378601,0.555400013923645,0.9053999781608582,,,,,,
2,4,0.29323057032057215,0.91425,1.2,1.5,0.09349999576807022,0.27480000257492065,0.483599990606308,0.9303999543190002,,,,,,
3,4,0.18311610978358844,0.9441166666666667,1.2,1.5,0.1363999992609024,0.3463999927043915,0.5177000164985657,0.9457999467849731,,,,,,
4,4,0.1431225279191219,0.95535,1.2,1.5,0.09839999675750732,0.3416999876499176,0.523099958896637,0.9443999528884888,,,,,,
5,4,0.11567974026634623,0.964,1.2,1.5,0.0802999958395958,0.3292999863624573,0.5069000124931335,0.9573999643325806,,,,,,
6,4,0.09574975902194789,0.97015,1.2,1.5,0.08989999443292618,0.3342999815940857,0.5324000120162964,0.9652999639511108,,,,,,
7,4,0.08057364688785092,0.9752166666666666,1.2,1.5,0.08590000122785568,0.33219999074935913,0.5317999720573425,0.9649999737739563,,,,,,
8,4,0.0696293087338588,0.97795,1.2,1.5,0.08509999513626099,0.3296999931335449,0.4982999861240387,0.9686999917030334,,,,,,
9,4,0.060381529483396104,0.9807333333333333,1.2,1.5,0.09059999883174896,0.33959999680519104,0.5092999935150146,0.9677000045776367,,,,,,
10,4,0.5201252975465377,0.9442333333333334,1.2,1.5,0.11840000003576279,0.36089998483657837,0.4470999836921692,0.8474999666213989,,,,,,
11,4,0.1773290919509333,0.94805,1.2,1.5,0.11620000004768372,0.35589998960494995,0.5029000043869019,0.9548999667167664,,,,,,
12,4,0.09299379360399393,0.9701833333333333,1.2,1.5,0.09389999508857727,0.349700003862381,0.5078999996185303,0.9664999842643738,,,,,,
13,4,0.07702877999408476,0.97575,1.2,1.5,0.08879999816417694,0.31859999895095825,0.4382999837398529,0.9617999792098999,,,,,,
14,4,0.059639320111096794,0.9804666666666667,1.2,1.5,0.09889999777078629,0.36389997601509094,0.47349998354911804,0.9698999524116516,,,,,,
15,4,0.051302687558871726,0.9834833333333334,1.2,1.5,0.08879999816417694,0.38519999384880066,0.5047999620437622,0.9699999690055847,,,,,,
16,4,0.04430284576494493,0.9857,1.2,1.5,0.09829999506473541,0.32999998331069946,0.4430999755859375,0.9601999521255493,,,,,,
17,4,0.03642198112485474,0.98875,1.2,1.5,0.0940999984741211,0.3456999957561493,0.4576999843120575,0.9727999567985535,,,,,,
18,4,0.03208242962285797,0.9903833333333333,1.2,1.5,0.09449999779462814,0.34779998660087585,0.47259998321533203,0.9724999666213989,,,,,,
19,4,0.02774514832140715,0.9919,1.2,1.5,0.10170000046491623,0.3644999861717224,0.4811999797821045,0.9716999530792236,,,,,,
20,4,0.023467141120428487,0.9929833333333333,1.2,1.5,0.09239999949932098,0.35979998111724854,0.46959999203681946,0.972599983215332,,,,,,
1,5,2.479540839632437,0.7824166666666666,1.2,1.5,0.055299997329711914,0.22349999845027924,0.2687000036239624,0.5906000137329102,0.9104999899864197,,,,,
2,5,0.2052716841813979,0.93705,1.2,1.5,0.06549999862909317,0.23669999837875366,0.32359999418258667,0.6974999904632568,0.9405999779701233,,,,,
3,5,0.15047949183978507,0.9536,1.2,1.5,0.031199999153614044,0.20430000126361847,0.30539998412132263,0.6744999885559082,0.9539999961853027,,,,,
4,5,0.11887543200493367,0.9624333333333334,1.2,1.5,0.04569999873638153,0.23539999127388,0.3552999794483185,0.7408999800682068,0.9595999717712402,,,,,
5,5,0.09801984790053322,0.9696833333333333,1.2,1.5,0.04910000041127205,0.20009998977184296,0.323199987411499,0.7279999852180481,0.9650999903678894,,,,,
6,5,0.0827556699415101,0.97335,1.2,1.5,0.04259999841451645,0.1988999992609024,0.31779998540878296,0.7299999594688416,0.965999960899353,,,,,
7,5,0.0691000289315465,0.97815,1.2,1.5,0.041600000113248825,0.20409999787807465,0.28509998321533203,0.6638000011444092,0.963699996471405,,,,,
8,5,0.058407665236291095,0.98155,1.2,1.5,0.0357000008225441,0.19609999656677246,0.31200000643730164,0.7186999917030334,0.9681999683380127,,,,,
9,5,0.048895011497125315,0.9844,1.2,1.5,0.030299998819828033,0.2013999968767166,0.3075000047683716,0.6671000123023987,0.9660999774932861,,,,,
10,5,0.04174195588933729,0.9873166666666666,1.2,1.5,0.0429999977350235,0.20600000023841858,0.3545999825000763,0.7439999580383301,0.9662999510765076,,,,,
11,5,0.03514180661165225,0.9892166666666666,1.2,1.5,0.02539999969303608,0.19419999420642853,0.28329998254776,0.6407999992370605,0.9617999792098999,,,,,
12,5,0.031110490736331164,0.9910166666666667,1.2,1.5,0.03449999913573265,0.19119998812675476,0.31279999017715454,0.6972999572753906,0.9724999666213989,,,,,
13,5,0.025523422033722595,0.99245,1.2,1.5,0.0421999990940094,0.20250000059604645,0.3249000012874603,0.6805999875068665,0.9733999967575073,,,,,
14,5,0.021680496623620454,0.9936666666666667,1.2,1.5,0.032499998807907104,0.18729999661445618,0.29179999232292175,0.656499981880188,0.9704999923706055,,,,,
15,5,0.017751434056618526,0.9953833333333333,1.2,1.5,0.03989999741315842,0.1922999918460846,0.32330000400543213,0.7197999954223633,0.9727999567985535,,,,,
16,5,0.014907871053290011,0.9964166666666666,1.2,1.5,0.035099998116493225,0.1964000016450882,0.32029998302459717,0.7008999586105347,0.9736999869346619,,,,,
17,5,0.012130771552635504,0.9974,1.2,1.5,0.035999998450279236,0.20559999346733093,0.32569998502731323,0.7170000076293945,0.9741999506950378,,,,,
18,5,0.009788267257343383,0.9982333333333333,1.2,1.5,0.038599997758865356,0.19759999215602875,0.321399986743927,0.7317000031471252,0.9750999808311462,,,,,
19,5,0.00832634981868586,0.9987,1.2,1.5,0.03539999946951866,0.1964999884366989,0.3141999840736389,0.7217999696731567,0.9761999845504761,,,,,
20,5,0.006836540510020118,0.999,1.2,1.5,0.03689999878406525,0.1938999891281128,0.3206999897956848,0.7027999758720398,0.9746999740600586,,,,,
1,6,3.033757363722078,0.7749333333333334,1.2,1.5,0.07750000059604645,0.16099999845027924,0.13689999282360077,0.28329998254776,0.5532000064849854,0.8937999606132507,,,,
2,6,0.2019148493991859,0.9384833333333333,1.2,1.5,0.08529999852180481,0.19669999182224274,0.22129999101161957,0.32009997963905334,0.6560999751091003,0.9490000009536743,,,,
3,6,0.14162412622590054,0.9556833333333333,1.2,1.5,0.09229999780654907,0.1680999994277954,0.22129999101161957,0.28200000524520874,0.6868999600410461,0.9546999931335449,,,,
4,6,0.11187646273118473,0.9651166666666666,1.2,1.5,0.0957999974489212,0.20309999585151672,0.2329999953508377,0.3041999936103821,0.6051999926567078,0.9523999691009521,,,,
5,6,0.0900563694226907,0.9716333333333333,1.2,1.5,0.0737999975681305,0.1973000019788742,0.2305999994277954,0.34459999203681946,0.6898999810218811,0.965499997138977,,,,
6,6,0.07456331875627992,0.9766,1.2,1.5,0.0908999964594841,0.1679999977350235,0.22630000114440918,0.2897000014781952,0.6388999819755554,0.9674999713897705,,,,
7,6,0.06237614671908208,0.9804,1.2,1.5,0.0810999944806099,0.16049998998641968,0.20669999718666077,0.3240000009536743,0.6983000040054321,0.9666999578475952,,,,
8,6,0.05157351238466402,0.9836333333333334,1.2,1.5,0.08559999614953995,0.149399995803833,0.18230000138282776,0.3301999866962433,0.6186999678611755,0.9684999585151672,,,,
9,6,0.0450513071126378,0.9858666666666667,1.2,1.5,0.0794999971985817,0.16030000150203705,0.1875,0.30379998683929443,0.6816999912261963,0.9698999524116516,,,,
10,6,0.036043202906632536,0.9891,1.2,1.5,0.08969999849796295,0.14790000021457672,0.18029999732971191,0.24869999289512634,0.663100004196167,0.9697999954223633,,,,
11,6,0.029857407803081278,0.9909,1.2,1.5,0.08559999614953995,0.17350000143051147,0.19259999692440033,0.296999990940094,0.6613999605178833,0.9717999696731567,,,,
12,6,0.024142440069895754,0.9932,1.2,1.5,0.08449999988079071,0.18529999256134033,0.2093999981880188,0.31779998540878296,0.6812999844551086,0.9714999794960022,,,,
13,6,0.09156067998308355,0.9856166666666667,1.2,1.5,0.08399999886751175,0.19249999523162842,0.20589999854564667,0.2784999907016754,0.54339998960495,0.9563999772071838,,,,
14,6,0.03619294091244973,0.9884666666666667,1.2,1.5,0.08559999614953995,0.15479999780654907,0.18689998984336853,0.2935999929904938,0.6055999994277954,0.9734999537467957,,,,
15,6,0.01914365828580368,0.9947333333333334,1.2,1.5,0.08639999479055405,0.15639999508857727,0.18159998953342438,0.2782999873161316,0.6284999847412109,0.9732999801635742,,,,
16,6,0.014176865696345072,0.9965833333333334,1.2,1.5,0.08669999986886978,0.1590999960899353,0.18799999356269836,0.289900004863739,0.6122999787330627,0.9751999974250793,,,,
17,6,0.010958429233211754,0.9976166666666667,1.2,1.5,0.09889999777078629,0.14579999446868896,0.18279999494552612,0.2726999819278717,0.6220999956130981,0.9732999801635742,,,,
18,6,0.008741229927953658,0.9986,1.2,1.5,0.09470000118017197,0.14720000326633453,0.1753999888896942,0.28679999709129333,0.5870999693870544,0.9717999696731567,,,,
19,6,0.007142105511377758,0.9989333333333333,1.2,1.5,0.0867999941110611,0.1509999930858612,0.1784999966621399,0.2671000063419342,0.6143999695777893,0.9763000011444092,,,,
20,6,0.005956977930367748,0.9991166666666667,1.2,1.5,0.08689999580383301,0.15230000019073486,0.17239999771118164,0.27469998598098755,0.6003000140190125,0.9745999574661255,,,,
1,7,3.1795597388736727,0.7699166666666667,1.2,1.5,0.10399999469518661,0.09259999543428421,0.08980000019073486,0.20160000026226044,0.3109000027179718,0.7137999534606934,0.9292999505996704,,,
2,7,0.1949148101211865,0.9413666666666667,1.2,1.5,0.08949999511241913,0.13899999856948853,0.09129999577999115,0.20109999179840088,0.3312999904155731,0.6635000109672546,0.9402999877929688,,,
3,7,0.1356217904346012,0.95735,1.2,1.5,0.09129999577999115,0.11809999495744705,0.08169999718666077,0.1890999972820282,0.3197000026702881,0.66839998960495,0.946899950504303,,,
4,7,0.10665342065968367,0.9660333333333333,1.2,1.5,0.08940000087022781,0.11459999531507492,0.09809999912977219,0.18709999322891235,0.33309999108314514,0.6191999912261963,0.9601999521255493,,,
5,7,0.08777390724059933,0.9719,1.2,1.5,0.09860000014305115,0.11710000038146973,0.07329999655485153,0.18140000104904175,0.3243999779224396,0.6287999749183655,0.9616999626159668,,,
6,7,0.06873653458753057,0.9780333333333333,1.2,1.5,0.0997999981045723,0.1289999932050705,0.10649999976158142,0.19779999554157257,0.375,0.6434000134468079,0.9628999829292297,,,
7,7,0.05691049845297454,0.9826333333333334,1.2,1.5,0.10610000044107437,0.10589999705553055,0.07569999992847443,0.1923999935388565,0.33789998292922974,0.6310999989509583,0.9585999846458435,,,
8,7,0.04757903474690849,0.98515,1.2,1.5,0.09510000050067902,0.11449999362230301,0.08549999445676804,0.18239998817443848,0.3441999852657318,0.5935999751091003,0.9643999934196472,,,
9,7,0.03977743748611193,0.98775,1.2,1.5,0.08669999986886978,0.11069999635219574,0.07930000126361847,0.19110000133514404,0.3561999797821045,0.6334999799728394,0.9700999855995178,,,
10,7,0.03212809795712326,0.9902,1.2,1.5,0.09079999476671219,0.10729999840259552,0.07800000160932541,0.17870000004768372,0.32170000672340393,0.5848000049591064,0.9691999554634094,,,
11,7,0.026726419354842573,0.99205,1.2,1.5,0.09189999848604202,0.11909999698400497,0.08460000157356262,0.18649999797344208,0.3479999899864197,0.6330999732017517,0.9691999554634094,,,
12,7,0.02203159998066779,0.9940666666666667,1.2,1.5,0.0843999981880188,0.10749999433755875,0.07589999586343765,0.1841999888420105,0.3458999991416931,0.6040999889373779,0.9698999524116516,,,
13,7,0.017548400631198273,0.9953,1.2,1.5,0.08789999783039093,0.10949999839067459,0.08209999650716782,0.18549999594688416,0.35659998655319214,0.6220999956130981,0.9715999960899353,,,
14,7,0.01393826609191451,0.9967,1.2,1.5,0.08940000087022781,0.10659999400377274,0.07889999449253082,0.1776999980211258,0.3423999845981598,0.6037999987602234,0.9702999591827393,,,
15,7,0.010834652532600979,0.9977,1.2,1.5,0.08959999680519104,0.11059999465942383,0.08020000159740448,0.1768999993801117,0.3344999849796295,0.5907999873161316,0.9718999862670898,,,
16,7,0.009265002711409969,0.99835,1.2,1.5,0.08789999783039093,0.10979999601840973,0.08020000159740448,0.17949999868869781,0.3506999909877777,0.6092000007629395,0.9720999598503113,,,
17,7,0.00720259807815255,0.9990666666666667,1.2,1.5,0.08739999681711197,0.10579999536275864,0.0828000009059906,0.17579999566078186,0.3434999883174896,0.6107999682426453,0.9736999869346619,,,
18,7,0.005831359366728449,0.9994333333333333,1.2,1.5,0.08529999852180481,0.11069999635219574,0.0885000005364418,0.181099995970726,0.3547999858856201,0.6208999752998352,0.9738999605178833,,,
19,7,0.004904177182960683,0.9995666666666667,1.2,1.5,0.08749999850988388,0.11099999397993088,0.08509999513626099,0.18159998953342438,0.34779998660087585,0.6031999588012695,0.9724999666213989,,,
20,7,0.004257785743099949,0.9997166666666667,1.2,1.5,0.0876999944448471,0.11149999499320984,0.08060000091791153,0.17549999058246613,0.351500004529953,0.6043999791145325,0.974299967288971,,,
1,8,3.2090573294171647,0.7612,1.2,1.5,0.141199991106987,0.09129999577999115,0.06199999898672104,0.09459999948740005,0.13199999928474426,0.1915999948978424,0.4696999788284302,0.9314000010490417,,
2,8,0.2130409905841864,0.9365833333333333,1.2,1.5,0.11270000040531158,0.08789999783039093,0.04839999973773956,0.08159999549388885,0.11289999634027481,0.17309999465942383,0.3856000006198883,0.9429000020027161,,
3,8,0.1512000392050123,0.9539666666666666,1.2,1.5,0.13899999856948853,0.08859999477863312,0.032099999487400055,0.08659999817609787,0.13199999928474426,0.18019999563694,0.3775999844074249,0.9472000002861023,,
4,8,0.11566291969897015,0.96425,1.2,1.5,0.14419999718666077,0.10399999469518661,0.04769999906420708,0.09889999777078629,0.1216999962925911,0.1525999903678894,0.39309999346733093,0.9591999650001526,,
5,8,0.09247748636559192,0.97135,1.2,1.5,0.13740000128746033,0.10639999806880951,0.04769999906420708,0.10119999945163727,0.12719999253749847,0.15369999408721924,0.38760000467300415,0.9567999839782715,,
6,8,0.07612697748955824,0.9764,1.2,1.5,0.15230000019073486,0.09769999980926514,0.04089999943971634,0.10589999705553055,0.13899999856948853,0.16949999332427979,0.44110000133514404,0.9634999632835388,,
7,8,0.063946850969196,0.98005,1.2,1.5,0.1517999917268753,0.1021999940276146,0.042799998074769974,0.10159999877214432,0.1469999998807907,0.1598999947309494,0.3920999765396118,0.9649999737739563,,
8,8,0.05282796198017657,0.9835333333333334,1.2,1.5,0.15399999916553497,0.10099999606609344,0.044999998062849045,0.10209999978542328,0.13220000267028809,0.14980000257492065,0.38589999079704285,0.9675999879837036,,
9,8,0.043856124736682406,0.9864333333333334,1.2,1.5,0.14259999990463257,0.09600000083446503,0.041600000113248825,0.10969999432563782,0.13130000233650208,0.17090000212192535,0.41169998049736023,0.9702000021934509,,
10,8,0.03570981900880872,0.9893,1.2,1.5,0.12489999830722809,0.09459999948740005,0.03869999945163727,0.1062999963760376,0.1257999986410141,0.16979999840259552,0.4373999834060669,0.9673999547958374,,
11,8,0.02934885554279743,0.9911666666666666,1.2,1.5,0.13439999520778656,0.09299999475479126,0.039400000125169754,0.10669999569654465,0.1339000016450882,0.15459999442100525,0.41419997811317444,0.9686999917030334,,
12,8,0.02427859262608961,0.9932166666666666,1.2,1.5,0.13599999248981476,0.09229999780654907,0.04079999774694443,0.1022999957203865,0.1453000009059906,0.16380000114440918,0.396699994802475,0.9708999991416931,,
13,8,0.020324561583585164,0.9943333333333333,1.2,1.5,0.1453000009059906,0.08529999852180481,0.03359999880194664,0.09519999474287033,0.12700000405311584,0.15950000286102295,0.39479997754096985,0.9706999659538269,,
14,8,0.01584223097240898,0.9961833333333333,1.2,1.5,0.13539999723434448,0.09049999713897705,0.03909999877214432,0.10689999908208847,0.14259999990463257,0.16099999845027924,0.4138999879360199,0.9722999930381775,,
15,8,0.012477550385291499,0.99745,1.2,1.5,0.1378999948501587,0.09640000015497208,0.037299998104572296,0.10339999943971634,0.14559999108314514,0.1673000007867813,0.4202999770641327,0.9722999930381775,,
16,8,0.010166162501837907,0.9982833333333333,1.2,1.5,0.12690000236034393,0.08249999582767487,0.032499998807907104,0.09439999610185623,0.13619999587535858,0.16869999468326569,0.4009999930858612,0.974299967288971,,
17,8,0.008262931038119169,0.9987833333333334,1.2,1.5,0.13830000162124634,0.08379999548196793,0.033799998462200165,0.09789999574422836,0.14010000228881836,0.16019999980926514,0.39319998025894165,0.9722999930381775,,
18,8,0.006646035962662638,0.9992333333333333,1.2,1.5,0.13369999825954437,0.08789999783039093,0.033900000154972076,0.10019999742507935,0.14180000126361847,0.16779999434947968,0.40689998865127563,0.9753999710083008,,
19,8,0.00552253266421657,0.9994166666666666,1.2,1.5,0.1362999975681305,0.08760000020265579,0.03700000047683716,0.10189999639987946,0.13899999856948853,0.15959998965263367,0.41179999709129333,0.9747999906539917,,
20,8,0.004608161452073437,0.99965,1.2,1.5,0.13449999690055847,0.08810000121593475,0.03500000014901161,0.09959999471902847,0.1428000032901764,0.16659998893737793,0.40369999408721924,0.9750999808311462,,
1,9,3.56057284691377,0.7452833333333333,1.2,1.5,0.08069999516010284,0.07829999923706055,0.08060000091791153,0.09959999471902847,0.17099998891353607,0.22679999470710754,0.27799999713897705,0.6434000134468079,0.9083999991416931,
2,9,1.1892835172667686,0.8963833333333333,1.2,1.5,0.16599999368190765,0.05959999933838844,0.10119999945163727,0.10459999740123749,0.14219999313354492,0.12309999763965607,0.11859999597072601,0.19380000233650208,0.2581000030040741,
3,9,0.8991232871977505,0.86155,1.2,1.5,0.14890000224113464,0.06849999725818634,0.09609999507665634,0.051500000059604645,0.13419999182224274,0.18060000240802765,0.14639998972415924,0.48669999837875366,0.9323999881744385,
4,9,0.18408775422523524,0.9459166666666666,1.2,1.5,0.18129999935626984,0.0575999990105629,0.08259999752044678,0.053599998354911804,0.11409999430179596,0.19439999759197235,0.13249999284744263,0.4830999970436096,0.9460999965667725,
5,9,0.14114569812250544,0.9572833333333334,1.2,1.5,0.1428999900817871,0.08429999649524689,0.09279999881982803,0.051899999380111694,0.12610000371932983,0.19449999928474426,0.14559999108314514,0.500499963760376,0.9557999968528748,
6,9,0.11728169320663537,0.9636,1.2,1.5,0.15399999916553497,0.05130000039935112,0.07999999821186066,0.0559999980032444,0.13289999961853027,0.16579999029636383,0.1551000028848648,0.541700005531311,0.9160999655723572,
7,9,0.09920424284504802,0.9698,1.2,1.5,0.1386999934911728,0.07099999487400055,0.08909999579191208,0.057099997997283936,0.12559999525547028,0.17219999432563782,0.1403999924659729,0.4860000014305115,0.9594999551773071,
8,9,0.08385598314588448,0.9737666666666667,1.2,1.5,0.16249999403953552,0.06159999966621399,0.08449999988079071,0.0559999980032444,0.12719999253749847,0.1761000007390976,0.15109999477863312,0.5194999575614929,0.9667999744415283,
9,9,0.07155070135763078,0.9773833333333334,1.2,1.5,0.1605999916791916,0.06390000134706497,0.0867999941110611,0.06119999662041664,0.11949999630451202,0.1598999947309494,0.1720999926328659,0.519599974155426,0.9670999646186829,
10,9,0.06336099562296735,0.9797,1.2,1.5,0.15359999239444733,0.061799999326467514,0.07719999551773071,0.05609999969601631,0.1265999972820282,0.1833999902009964,0.14710000157356262,0.5444999933242798,0.9702000021934509,
11,9,0.05292177955502831,0.9828333333333333,1.2,1.5,0.16269999742507935,0.0729999989271164,0.08150000125169754,0.05909999832510948,0.12839999794960022,0.19380000233650208,0.1469999998807907,0.5115000009536743,0.9662999510765076,
12,9,0.04756190259851563,0.9849,1.2,1.5,0.18709999322891235,0.08810000121593475,0.0916999951004982,0.056299999356269836,0.13210000097751617,0.1907999962568283,0.16269999742507935,0.46320000290870667,0.9691999554634094,
13,9,0.042247157040506855,0.98645,1.2,1.5,0.19200000166893005,0.07490000128746033,0.0885000005364418,0.055799998342990875,0.12929999828338623,0.17839999496936798,0.15320000052452087,0.5031999945640564,0.971299946308136,
14,9,0.03540895557823354,0.9891,1.2,1.5,0.14739999175071716,0.05859999731183052,0.07639999687671661,0.05719999969005585,0.12129999697208405,0.17409999668598175,0.14829999208450317,0.5163999795913696,0.9708999991416931,
15,9,0.030205183957359875,0.9908,1.2,1.5,0.1695999950170517,0.07959999889135361,0.08789999783039093,0.05260000005364418,0.14180000126361847,0.2206999957561493,0.1590999960899353,0.47829997539520264,0.972599983215332,
16,9,0.025470313036502566,0.9925166666666667,1.2,1.5,0.16589999198913574,0.07239999622106552,0.08329999446868896,0.05909999832510948,0.12539999186992645,0.17599999904632568,0.16369999945163727,0.483599990606308,0.9741999506950378,
17,9,0.02319346863413051,0.9931,1.2,1.5,0.16349999606609344,0.06629999727010727,0.0762999951839447,0.06030000001192093,0.12919999659061432,0.18609999120235443,0.16929998993873596,0.5073999762535095,0.973099946975708,
18,9,0.019645123648445315,0.99445,1.2,1.5,0.17889998853206635,0.07829999923706055,0.08729999512434006,0.05350000038743019,0.11869999766349792,0.1678999960422516,0.15469999611377716,0.5145999789237976,0.9747999906539917,
19,9,0.015610602872594118,0.9961333333333333,1.2,1.5,0.17979998886585236,0.07199999690055847,0.0794999971985817,0.051899999380111694,0.12219999730587006,0.18299999833106995,0.15539999306201935,0.5031999945640564,0.9764999747276306,
20,9,0.01383077907639105,0.9963,1.2,1.5,0.18649999797344208,0.07319999486207962,0.08509999513626099,0.05139999836683273,0.11769999563694,0.17829999327659607,0.15689998865127563,0.49779999256134033,0.9756999611854553,
1,10,6.3958516322028665,0.6475833333333333,1.2,1.5,0.1152999997138977,0.08399999886751175,0.09809999912977219,0.13249999284744263,0.13289999961853027,0.09629999846220016,0.09349999576807022,0.2978000044822693,0.36949998140335083,0.5866999626159668
2,10,0.4968503767779387,0.88005,1.2,1.5,0.12370000034570694,0.06849999725818634,0.09030000120401382,0.11239999532699585,0.1678999960422516,0.18959999084472656,0.11589999496936798,0.3351999819278717,0.3968999981880188,0.9297999739646912
3,10,0.2021053439057839,0.93875,1.2,1.5,0.09399999678134918,0.09099999815225601,0.07649999856948853,0.10489999502897263,0.15600000321865082,0.1680999994277954,0.10429999977350235,0.25619998574256897,0.34950000047683716,0.9348999857902527
4,10,0.15674608416045144,0.9510166666666666,1.2,1.5,0.10349999368190765,0.08529999852180481,0.0705999955534935,0.12269999831914902,0.16339999437332153,0.18479999899864197,0.12219999730587006,0.36419999599456787,0.45579999685287476,0.9477999806404114
5,10,0.12861788544112812,0.9597666666666667,1.2,1.5,0.08179999887943268,0.09569999575614929,0.08259999752044678,0.10040000081062317,0.1598999947309494,0.18649999797344208,0.1119999960064888,0.310699999332428,0.4723999798297882,0.9519000053405762
6,10,0.1068616048681107,0.9669333333333333,1.2,1.5,0.1014999970793724,0.08060000091791153,0.07979999482631683,0.13300000131130219,0.16439999639987946,0.2028999924659729,0.14459998905658722,0.3450999855995178,0.40149998664855957,0.9544999599456787
7,10,0.09469575270899196,0.9704,1.2,1.5,0.12409999966621399,0.10369999706745148,0.07209999859333038,0.10920000076293945,0.17319999635219574,0.20579999685287476,0.1387999951839447,0.322299987077713,0.4486999809741974,0.9569000005722046
8,10,0.08051232807536814,0.9745333333333334,1.2,1.5,0.09959999471902847,0.10819999873638153,0.07429999858140945,0.14999999105930328,0.16699999570846558,0.203699991106987,0.140299990773201,0.2840999960899353,0.42249998450279236,0.9623000025749207
9,10,0.07213302018907247,0.9774833333333334,1.2,1.5,0.10009999573230743,0.09259999543428421,0.06039999797940254,0.1062999963760376,0.1712999939918518,0.20229999721050262,0.12929999828338623,0.3343999981880188,0.4462999999523163,0.9610999822616577
10,10,0.06176192156607106,0.9810666666666666,1.2,1.5,0.09939999878406525,0.08919999748468399,0.08839999884366989,0.14059999585151672,0.16779999434947968,0.2019999921321869,0.12239999324083328,0.2733999788761139,0.3511999845504761,0.9615999460220337
11,10,0.056744837083978886,0.982,1.2,1.5,0.09939999878406525,0.08659999817609787,0.06610000133514404,0.1070999950170517,0.1630999892950058,0.18969999253749847,0.14299999177455902,0.34039998054504395,0.4567999839782715,0.9720999598503113
12,10,0.04934151573275437,0.9848833333333333,1.2,1.5,0.09009999781847,0.09809999912977219,0.06529999524354935,0.10289999842643738,0.15850000083446503,0.19089999794960022,0.15079998970031738,0.3263999819755554,0.43699997663497925,0.9718999862670898
13,10,0.04651627114969991,0.98565,1.2,1.5,0.11009999364614487,0.08980000019073486,0.06589999794960022,0.10659999400377274,0.16609999537467957,0.1891999989748001,0.13040000200271606,0.3174999952316284,0.44339999556541443,0.9720999598503113
14,10,0.03779073131393824,0.9885166666666667,1.2,1.5,0.11789999902248383,0.09839999675750732,0.07259999960660934,0.11509999632835388,0.15969999134540558,0.19169999659061432,0.13650000095367432,0.3084000051021576,0.46129998564720154,0.972000002861023
15,10,0.03331412017933214,0.99025,1.2,1.5,0.12489999830722809,0.09290000051259995,0.0689999982714653,0.11729999631643295,0.16290000081062317,0.22369998693466187,0.17599999904632568,0.3342999815940857,0.46389999985694885,0.9695999622344971
16,10,0.027978697206392122,0.9923833333333333,1.2,1.5,0.08760000020265579,0.08760000020265579,0.0689999982714653,0.1184999942779541,0.16349999606609344,0.18889999389648438,0.15719999372959137,0.3122999966144562,0.4080999791622162,0.9678999781608582
17,10,0.02338429073542992,0.9936333333333334,1.2,1.5,0.09959999471902847,0.08720000088214874,0.06769999861717224,0.10379999876022339,0.1501999944448471,0.18769998848438263,0.156700000166893,0.31689998507499695,0.4389999806880951,0.9746999740600586
18,10,0.021712021121302487,0.9942666666666666,1.2,1.5,0.1241999939084053,0.09589999914169312,0.07909999787807465,0.1251000016927719,0.16169999539852142,0.2021999955177307,0.1469999998807907,0.29999998211860657,0.4260999858379364,0.9735999703407288
19,10,0.01849275452198028,0.9951666666666666,1.2,1.5,0.09919999539852142,0.0940999984741211,0.07189999520778656,0.11270000040531158,0.16200000047683716,0.18699999153614044,0.14239999651908875,0.32659998536109924,0.43469998240470886,0.9752999544143677
20,10,0.016284803949497037,0.9959166666666667,1.2,1.5,0.11099999397993088,0.10279999673366547,0.07669999450445175,0.13529999554157257,0.1655000001192093,0.20729999244213104,0.16200000047683716,0.32909998297691345,0.4129999876022339,0.9738999605178833
