alpha,g,epoch,task_id,train_loss,train_acc,task_1_acc,task_2_acc,task_3_acc,task_4_acc,task_5_acc,task_6_acc,task_7_acc,task_8_acc,task_9_acc,task_10_acc
1.2,1.0,1,1,0.7563166825184181,0.8191666666666667,0.9146999716758728,,,,,,,,,
1.2,1.0,2,1,0.24473603943517722,0.9303,0.9429000020027161,,,,,,,,,
1.2,1.0,3,1,0.17510535077118417,0.9505333333333333,0.9535999894142151,,,,,,,,,
1.2,1.0,4,1,0.1530649671748058,0.9573166666666667,0.9581999778747559,,,,,,,,,
1.2,1.0,5,1,0.13394298819678108,0.9625666666666667,0.9576999545097351,,,,,,,,,
1.2,1.0,6,1,0.13016900172762907,0.9649,0.9590999484062195,,,,,,,,,
1.2,1.0,7,1,0.35377020023064193,0.8990166666666667,0.930899977684021,,,,,,,,,
1.2,1.0,8,1,0.2198041859529674,0.9397666666666666,0.9291999936103821,,,,,,,,,
1.2,1.0,9,1,0.1648231406928475,0.95585,0.965999960899353,,,,,,,,,
1.2,1.0,10,1,0.1376322320878887,0.9631,0.9541999697685242,,,,,,,,,
1.2,1.0,11,1,0.1445052690033529,0.9618666666666666,0.9657999873161316,,,,,,,,,
1.2,1.0,12,1,0.12197745412087707,0.9682666666666667,0.9447999596595764,,,,,,,,,
1.2,1.0,13,1,0.11060462828113962,0.9705833333333334,0.9634999632835388,,,,,,,,,
1.2,1.0,14,1,0.11011560731676659,0.9710833333333333,0.965399980545044,,,,,,,,,
1.2,1.0,15,1,0.10937276839522887,0.9717666666666667,0.9648000001907349,,,,,,,,,
1.2,1.0,16,1,0.10401092299313815,0.97345,0.9667999744415283,,,,,,,,,
1.2,1.0,17,1,0.08879391157598511,0.9775,0.9717999696731567,,,,,,,,,
1.2,1.0,18,1,0.1228561381469848,0.9680833333333333,0.9708999991416931,,,,,,,,,
1.2,1.0,19,1,0.16703146497911608,0.9585166666666667,0.9510999917984009,,,,,,,,,
1.2,1.0,20,1,0.1899826535180624,0.9530166666666666,0.939300000667572,,,,,,,,,
1.2,1.0,21,1,0.1269954072633214,0.968,0.9558999538421631,,,,,,,,,
1.2,1.0,22,1,0.11694956456086655,0.9703166666666667,0.9550999999046326,,,,,,,,,
1.2,1.0,23,1,0.23217584508489061,0.9429,0.9333999752998352,,,,,,,,,
1.2,1.0,24,1,0.20251003644073695,0.9475166666666667,0.948199987411499,,,,,,,,,
1.2,1.0,25,1,0.1764719021250444,0.9549833333333333,0.9569999575614929,,,,,,,,,
1.2,1.0,26,1,0.1139862047834024,0.9704833333333334,0.962399959564209,,,,,,,,,
1.2,1.0,27,1,0.1223418481433506,0.9688666666666667,0.9631999731063843,,,,,,,,,
1.2,1.0,28,1,0.17283382104523082,0.9561666666666667,0.9559999704360962,,,,,,,,,
1.2,1.0,29,1,0.1285297723272557,0.9663833333333334,0.9649999737739563,,,,,,,,,
1.2,1.0,30,1,0.1044563818425099,0.9718666666666667,0.9660999774932861,,,,,,,,,
1.2,1.0,1,2,0.9184698633102975,0.7008666666666666,0.758899986743927,0.9034000039100647,,,,,,,,
1.2,1.0,2,2,0.3383134757436669,0.9104833333333333,0.6434000134468079,0.9165999889373779,,,,,,,,
1.2,1.0,3,2,0.24789491000333067,0.93345,0.7211999893188477,0.9285999536514282,,,,,,,,
1.2,1.0,4,2,0.2166691306335077,0.9426,0.7859999537467957,0.9375999569892883,,,,,,,,
1.2,1.0,5,2,0.2079892315224671,0.9438333333333333,0.6780999898910522,0.939300000667572,,,,,,,,
1.2,1.0,6,2,0.19083827401974054,0.9493833333333334,0.6078999638557434,0.9454999566078186,,,,,,,,
1.2,1.0,7,2,0.1668850966274484,0.9564666666666667,0.5690000057220459,0.9528999924659729,,,,,,,,
1.2,1.0,8,2,0.16043947410704232,0.9570833333333333,0.5519999861717224,0.9542999863624573,,,,,,,,
1.2,1.0,9,2,0.14945093387845101,0.9595166666666667,0.5026000142097473,0.9544999599456787,,,,,,,,
1.2,1.0,10,2,0.1613987163980124,0.9573833333333334,0.5008999705314636,0.9550999999046326,,,,,,,,
1.2,1.0,11,2,0.15943875945389652,0.9585,0.5475999712944031,0.9583999514579773,,,,,,,,
1.2,1.0,12,2,0.14689613092762194,0.9608333333333333,0.5583999752998352,0.9576999545097351,,,,,,,,
1.2,1.0,13,2,0.14500812088439205,0.9625333333333334,0.5507000088691711,0.9611999988555908,,,,,,,,
1.2,1.0,14,2,0.11422968022763602,0.9694,0.5511000156402588,0.9637999534606934,,,,,,,,
1.2,1.0,15,2,0.1036525772634282,0.9724666666666667,0.4626999795436859,0.9590999484062195,,,,,,,,
1.2,1.0,16,2,0.11537739698256828,0.9695166666666667,0.3968999981880188,0.9555999636650085,,,,,,,,
1.2,1.0,17,2,0.10698023327052403,0.9714,0.457099974155426,0.9649999737739563,,,,,,,,
1.2,1.0,18,2,0.10541196243424437,0.9725166666666667,0.5034999847412109,0.9538999795913696,,,,,,,,
1.2,1.0,19,2,0.1099551360803976,0.9712333333333333,0.4311999976634979,0.9659000039100647,,,,,,,,
1.2,1.0,20,2,0.08814026636065546,0.9766833333333333,0.4494999945163727,0.9660999774932861,,,,,,,,
1.2,1.0,21,2,0.08511076491923808,0.97705,0.3959999978542328,0.9638999700546265,,,,,,,,
1.2,1.0,22,2,0.1088874810494419,0.9706333333333333,0.41599997878074646,0.9673999547958374,,,,,,,,
1.2,1.0,23,2,0.08391412261025563,0.9781666666666666,0.4074999988079071,0.9711999893188477,,,,,,,,
1.2,1.0,24,2,0.07984657181518227,0.9782,0.36879998445510864,0.9667999744415283,,,,,,,,
1.2,1.0,25,2,0.07496170279359433,0.98,0.31349998712539673,0.9646999835968018,,,,,,,,
1.2,1.0,26,2,0.0800831012769358,0.9795333333333334,0.3588999807834625,0.9667999744415283,,,,,,,,
1.2,1.0,27,2,0.07723603831447248,0.9789166666666667,0.3401999771595001,0.9678999781608582,,,,,,,,
1.2,1.0,28,2,0.08409853258938678,0.9775166666666667,0.3804999887943268,0.9668999910354614,,,,,,,,
1.2,1.0,29,2,0.0805004727450817,0.97855,0.2694000005722046,0.9577999711036682,,,,,,,,
1.2,1.0,30,2,0.09337783911164159,0.9752833333333333,0.3346000015735626,0.965499997138977,,,,,,,,
1.2,1.0,1,3,0.8145301070675921,0.7526833333333334,0.2513999938964844,0.6672999858856201,0.8833999633789062,,,,,,,
1.2,1.0,2,3,0.38850518066618744,0.8924166666666666,0.24899999797344208,0.6575999855995178,0.9139999747276306,,,,,,,
1.2,1.0,3,3,0.29587844079300796,0.9211,0.22839999198913574,0.6984999775886536,0.921999990940094,,,,,,,
1.2,1.0,4,3,0.2553601685935246,0.9315166666666667,0.21849998831748962,0.6471999883651733,0.9277999997138977,,,,,,,
1.2,1.0,5,3,0.2358287146795533,0.9369666666666666,0.181099995970726,0.6850000023841858,0.9423999786376953,,,,,,,
1.2,1.0,6,3,0.21284329595723386,0.9433666666666667,0.1662999987602234,0.6900999546051025,0.9366999864578247,,,,,,,
1.2,1.0,7,3,0.20066406069470366,0.9464166666666667,0.15729999542236328,0.6976999640464783,0.9455999732017517,,,,,,,
1.2,1.0,8,3,0.1822093530361459,0.9514833333333333,0.17389999330043793,0.6100000143051147,0.9353999495506287,,,,,,,
1.2,1.0,9,3,0.17196391432730754,0.9549333333333333,0.2085999995470047,0.6645999550819397,0.9513999819755554,,,,,,,
1.2,1.0,10,3,0.16923359792226794,0.9559833333333333,0.16329999268054962,0.5676999688148499,0.9498999714851379,,,,,,,
1.2,1.0,11,3,0.153450659581466,0.9603,0.19519999623298645,0.5773000121116638,0.9538999795913696,,,,,,,
1.2,1.0,12,3,0.14940852134712915,0.9603833333333334,0.19099999964237213,0.53329998254776,0.9547999501228333,,,,,,,
1.2,1.0,13,3,0.1484521362823305,0.9605166666666667,0.179299995303154,0.4490000009536743,0.9564999938011169,,,,,,,
1.2,1.0,14,3,0.14455300759770343,0.9616666666666667,0.1631999909877777,0.523099958896637,0.9553999900817871,,,,,,,
1.2,1.0,15,3,0.14283092540384992,0.9631833333333333,0.18959999084472656,0.48330000042915344,0.950499951839447,,,,,,,
1.2,1.0,16,3,0.13734082923705643,0.9644833333333334,0.16979999840259552,0.4537999927997589,0.9513999819755554,,,,,,,
1.2,1.0,17,3,0.1429685438349684,0.9633833333333334,0.1476999968290329,0.4536999762058258,0.960599958896637,,,,,,,
1.2,1.0,18,3,0.1455182977425836,0.9612666666666667,0.17759999632835388,0.4212999939918518,0.9458999633789062,,,,,,,
1.2,1.0,19,3,0.12383713327777157,0.9669666666666666,0.1492999941110611,0.3928999900817871,0.9615999460220337,,,,,,,
1.2,1.0,20,3,0.11357793087628223,0.96975,0.18479999899864197,0.4043000042438507,0.9598999619483948,,,,,,,
1.2,1.0,21,3,0.11388685054449575,0.97025,0.1826999932527542,0.45809999108314514,0.9519000053405762,,,,,,,
1.2,1.0,22,3,0.10728267747869115,0.97165,0.17090000212192535,0.3877999782562256,0.960599958896637,,,,,,,
1.2,1.0,23,3,0.10805340502649419,0.9712,0.1696999967098236,0.42399999499320984,0.9608999490737915,,,,,,,
1.2,1.0,24,3,0.10149704918328888,0.9725333333333334,0.16019999980926514,0.3718000054359436,0.961899995803833,,,,,,,
1.2,1.0,25,3,0.11199025487277045,0.9695166666666667,0.16359999775886536,0.34450000524520874,0.9494999647140503,,,,,,,
1.2,1.0,26,3,0.10620343837805632,0.97225,0.188400000333786,0.44279998540878296,0.9494999647140503,,,,,,,
1.2,1.0,27,3,0.09595081376146151,0.97465,0.18930000066757202,0.4138000011444092,0.9587000012397766,,,,,,,
1.2,1.0,28,3,0.10101506430040132,0.9731,0.16099999845027924,0.3893999755382538,0.9603999853134155,,,,,,,
1.2,1.0,29,3,0.09783185593910944,0.9748333333333333,0.1639999896287918,0.4306999742984772,0.9571999907493591,,,,,,,
1.2,1.0,30,3,0.09971331682270651,0.97305,0.14839999377727509,0.41019999980926514,0.9644999504089355,,,,,,,
1.2,1.0,1,4,1.027239938979464,0.6680333333333334,0.18940000236034393,0.289900004863739,0.5291999578475952,0.8467999696731567,,,,,,
1.2,1.0,2,4,0.4567443884448456,0.8730166666666667,0.17679999768733978,0.3296000063419342,0.5611000061035156,0.8859999775886536,,,,,,
1.2,1.0,3,4,0.34847230443568117,0.90775,0.17260000109672546,0.27869999408721924,0.5072000026702881,0.9197999835014343,,,,,,
1.2,1.0,4,4,0.2879662764574419,0.9242666666666667,0.17090000212192535,0.3260999917984009,0.5920000076293945,0.9325000047683716,,,,,,
1.2,1.0,5,4,0.26255526766975296,0.9305666666666667,0.22669999301433563,0.3093999922275543,0.5349000096321106,0.934499979019165,,,,,,
1.2,1.0,6,4,0.22867500202170313,0.9402833333333334,0.19359999895095825,0.36719998717308044,0.6717000007629395,0.9314999580383301,,,,,,
1.2,1.0,7,4,0.22449009554154836,0.9406833333333333,0.17149999737739563,0.33959999680519104,0.5982999801635742,0.9251999855041504,,,,,,
1.2,1.0,8,4,0.21385135043309186,0.9430166666666666,0.17149999737739563,0.3100000023841858,0.5216999650001526,0.9376999735832214,,,,,,
1.2,1.0,9,4,0.1843547285762804,0.95145,0.14919999241828918,0.30809998512268066,0.6105999946594238,0.9503999948501587,,,,,,
1.2,1.0,10,4,0.1778732831718952,0.9530166666666666,0.16619999706745148,0.3173999786376953,0.5795999765396118,0.9519000053405762,,,,,,
1.2,1.0,11,4,0.17685163539371637,0.9535666666666667,0.15729999542236328,0.3414999842643738,0.5613999962806702,0.9502999782562256,,,,,,
1.2,1.0,12,4,0.1692434695285203,0.9548333333333333,0.1468999981880188,0.3401999771595001,0.5295000076293945,0.9467999935150146,,,,,,
1.2,1.0,13,4,0.16796729830044038,0.9564666666666667,0.15219999849796295,0.299699991941452,0.5428000092506409,0.9530999660491943,,,,,,
1.2,1.0,14,4,0.16469698363164467,0.9565166666666667,0.13169999420642853,0.3149999976158142,0.5852999687194824,0.9491999745368958,,,,,,
1.2,1.0,15,4,0.15974166855883243,0.959,0.15309999883174896,0.3005000054836273,0.6682999730110168,0.9477999806404114,,,,,,
1.2,1.0,16,4,0.15014817537878877,0.9596,0.14899998903274536,0.3122999966144562,0.6295999884605408,0.9536999464035034,,,,,,
1.2,1.0,17,4,0.135032527170567,0.9643166666666667,0.13920000195503235,0.32009997963905334,0.6538000106811523,0.9578999876976013,,,,,,
1.2,1.0,18,4,0.13502165424162899,0.965,0.1290999948978424,0.32670000195503235,0.6953999996185303,0.9573999643325806,,,,,,
1.2,1.0,19,4,0.1335782749669702,0.9650833333333333,0.15079998970031738,0.39169999957084656,0.6809999942779541,0.9587999582290649,,,,,,
1.2,1.0,20,4,0.1255105704760183,0.9670166666666666,0.11999999731779099,0.30820000171661377,0.5827999711036682,0.9554999470710754,,,,,,
1.2,1.0,21,4,0.12717244380922205,0.9666833333333333,0.13019999861717224,0.34769999980926514,0.6207000017166138,0.9501999616622925,,,,,,
1.2,1.0,22,4,0.1260705557860323,0.9668166666666667,0.11739999800920486,0.32089999318122864,0.5985000133514404,0.9488999843597412,,,,,,
1.2,1.0,23,4,0.13437907757765766,0.9643333333333334,0.11559999734163284,0.29919999837875366,0.6326999664306641,0.9531999826431274,,,,,,
1.2,1.0,24,4,0.12303792933490612,0.9675166666666667,0.13459999859333038,0.27539998292922974,0.5493000149726868,0.9564999938011169,,,,,,
1.2,1.0,25,4,0.10949843780381847,0.9714333333333334,0.14079999923706055,0.33059999346733093,0.5997999906539917,0.9594999551773071,,,,,,
1.2,1.0,26,4,0.11260010071122634,0.9702833333333334,0.1322999894618988,0.34529998898506165,0.6083999872207642,0.9578999876976013,,,,,,
1.2,1.0,27,4,0.11250975056251547,0.9701833333333333,0.09919999539852142,0.2402999997138977,0.5525000095367432,0.9547999501228333,,,,,,
1.2,1.0,28,4,0.11511795619911731,0.9697166666666667,0.12019999325275421,0.3287000060081482,0.6033999919891357,0.9460999965667725,,,,,,
1.2,1.0,29,4,0.11025973209448016,0.9706333333333333,0.12860000133514404,0.3010999858379364,0.6500999927520752,0.9501000046730042,,,,,,
1.2,1.0,30,4,0.103165873177429,0.97315,0.1119999960064888,0.2624000012874603,0.6101999878883362,0.9648999571800232,,,,,,
1.2,1.0,1,5,1.4525140780629888,0.4716166666666667,0.10209999978542328,0.1339000016450882,0.2044999897480011,0.38499999046325684,0.6579999923706055,,,,,
1.2,1.0,2,5,0.7339384609193944,0.7579666666666667,0.12969999015331268,0.15789999067783356,0.25220000743865967,0.41189998388290405,0.8185999989509583,,,,,
1.2,1.0,3,5,0.531386068571351,0.8573333333333333,0.11749999970197678,0.17319999635219574,0.27070000767707825,0.4026999771595001,0.8777999877929688,,,,,
1.2,1.0,4,5,0.45691026731340617,0.8817333333333334,0.10659999400377274,0.16089999675750732,0.21899999678134918,0.33399999141693115,0.9045999646186829,,,,,
1.2,1.0,5,5,0.4001861758577798,0.8985833333333333,0.1039000004529953,0.19029998779296875,0.23009999096393585,0.2789999842643738,0.883899986743927,,,,,
1.2,1.0,6,5,0.3948538798068378,0.9023833333333333,0.11669999361038208,0.1841999888420105,0.23249998688697815,0.35909998416900635,0.8923999667167664,,,,,
1.2,1.0,7,5,0.3483447633636023,0.9165833333333333,0.11229999363422394,0.17739999294281006,0.26649999618530273,0.3994999825954437,0.9226999878883362,,,,,
1.2,1.0,8,5,0.3417304951403695,0.9174666666666667,0.09119999408721924,0.19409999251365662,0.22369998693466187,0.3797000050544739,0.9178999662399292,,,,,
1.2,1.0,9,5,0.3371007468368707,0.92185,0.09719999879598618,0.1891999989748001,0.23319999873638153,0.3163999915122986,0.9138999581336975,,,,,
1.2,1.0,10,5,0.32569076575195866,0.9231833333333334,0.10729999840259552,0.19049999117851257,0.20709998905658722,0.29189997911453247,0.9012999534606934,,,,,
1.2,1.0,11,5,0.3210788931864411,0.92395,0.0965999960899353,0.2368999868631363,0.25529998540878296,0.21549999713897705,0.9178999662399292,,,,,
1.2,1.0,12,5,0.31550535578717553,0.9289833333333334,0.12639999389648438,0.241799995303154,0.3287000060081482,0.31439998745918274,0.840399980545044,,,,,
1.2,1.0,13,5,0.33303611436441766,0.9231333333333334,0.1014999970793724,0.2651999890804291,0.2295999974012375,0.28209999203681946,0.9297999739646912,,,,,
1.2,1.0,14,5,0.28519263617329,0.93645,0.10929999500513077,0.16839998960494995,0.2207999974489212,0.3280999958515167,0.9266999959945679,,,,,
1.2,1.0,15,5,0.2884262529994125,0.9354666666666667,0.11469999700784683,0.24709999561309814,0.2970999777317047,0.36159998178482056,0.9124999642372131,,,,,
1.2,1.0,16,5,0.2808385002397017,0.9365,0.11620000004768372,0.20649999380111694,0.1670999974012375,0.2874000072479248,0.9277999997138977,,,,,
1.2,1.0,17,5,0.31543334023848274,0.9281666666666667,0.10359999537467957,0.23579999804496765,0.25049999356269836,0.3044999837875366,0.9240999817848206,,,,,
1.2,1.0,18,5,0.3163891817524489,0.9224833333333333,0.10809999704360962,0.1938999891281128,0.2092999964952469,0.25459998846054077,0.8337999582290649,,,,,
1.2,1.0,19,5,0.28810272642226614,0.9367,0.12969999015331268,0.24979999661445618,0.23349998891353607,0.3173999786376953,0.9106000065803528,,,,,
1.2,1.0,20,5,0.33219227367944554,0.9240333333333334,0.08839999884366989,0.2230999916791916,0.24769999086856842,0.3077999949455261,0.9273999929428101,,,,,
1.2,1.0,21,5,0.28634920330253494,0.9405833333333333,0.10700000077486038,0.23279999196529388,0.28859999775886536,0.3425999879837036,0.9447999596595764,,,,,
1.2,1.0,22,5,0.27799742700639307,0.94225,0.11629999428987503,0.21649999916553497,0.2842999994754791,0.3280999958515167,0.9431999921798706,,,,,
1.2,1.0,23,5,0.3005917926650566,0.93725,0.11669999361038208,0.23349998891353607,0.2590000033378601,0.30649998784065247,0.9456999897956848,,,,,
1.2,1.0,24,5,0.31776558904886754,0.9320666666666667,0.11209999769926071,0.20969998836517334,0.25849997997283936,0.3227999806404114,0.9493999481201172,,,,,
1.2,1.0,25,5,0.36021096794717095,0.9181333333333334,0.10009999573230743,0.2021999955177307,0.27489998936653137,0.3308999836444855,0.9289999604225159,,,,,
1.2,1.0,26,5,0.36000792256423403,0.9128833333333334,0.11189999431371689,0.19669999182224274,0.22179999947547913,0.30159997940063477,0.8563999533653259,,,,,
1.2,1.0,27,5,0.3497999410575895,0.92465,0.09109999984502792,0.2085999995470047,0.21059998869895935,0.33139997720718384,0.9375999569892883,,,,,
1.2,1.0,28,5,0.42648620131427545,0.88885,0.08959999680519104,0.21689999103546143,0.2158999890089035,0.27459999918937683,0.8366999626159668,,,,,
1.2,1.0,29,5,0.33568067967828147,0.9308333333333333,0.13930000364780426,0.19659999012947083,0.2101999968290329,0.27239999175071716,0.8863999843597412,,,,,
1.2,1.0,30,5,0.38504368946877626,0.9138833333333334,0.13120000064373016,0.2345999926328659,0.26089999079704285,0.37709999084472656,0.9419999718666077,,,,,
1.2,1.0,1,6,2.3688013553619385,0.10151666666666667,0.0973999947309494,0.0973999947309494,0.0973999947309494,0.10349999368190765,0.1054999977350235,0.0973999947309494,,,,
1.2,1.0,2,6,2.346131353744312,0.10295,0.10260000079870224,0.10339999943971634,0.10300000011920929,0.10369999706745148,0.10419999808073044,0.10279999673366547,,,,
1.2,1.0,3,6,2.341672738732051,0.1003,0.10099999606609344,0.10099999606609344,0.10099999606609344,0.1062999963760376,0.1297999918460846,0.10099999606609344,,,,
1.2,1.0,4,6,2.337425633534185,0.10543333333333334,0.10269999504089355,0.10319999605417252,0.10289999842643738,0.1013999953866005,0.10409999638795853,0.10279999673366547,,,,
1.2,1.0,5,6,2.337593340924554,0.10216666666666667,0.0957999974489212,0.09389999508857727,0.09569999575614929,0.07809999585151672,0.03439999744296074,0.0957999974489212,,,,
1.2,1.0,6,6,2.3379176847461953,0.10215,0.11319999396800995,0.11349999904632568,0.11189999431371689,0.11789999902248383,0.11869999766349792,0.11349999904632568,,,,
1.2,1.0,7,6,2.3423161404981796,0.10143333333333333,0.11319999396800995,0.11349999904632568,0.11189999431371689,0.11779999732971191,0.11589999496936798,0.11349999904632568,,,,
1.2,1.0,8,6,2.3468542241338475,0.10268333333333333,0.11319999396800995,0.11419999599456787,0.11189999431371689,0.12680000066757202,0.1266999989748001,0.11349999904632568,,,,
1.2,1.0,9,6,2.3416467048466076,0.10063333333333334,0.09589999914169312,0.09380000084638596,0.09569999575614929,0.07429999858140945,0.010300000198185444,0.0957999974489212,,,,
1.2,1.0,10,6,2.3386363291791255,0.1012,0.08919999748468399,0.08919999748468399,0.08919999748468399,0.09299999475479126,0.08969999849796295,0.08919999748468399,,,,
1.2,1.0,11,6,2.341013723344945,0.10088333333333334,0.0973999947309494,0.0973999947309494,0.0973999947309494,0.10289999842643738,0.17159999907016754,0.0973999947309494,,,,
1.2,1.0,12,6,2.336884553498551,0.1022,0.10109999775886536,0.10099999606609344,0.10099999606609344,0.1021999940276146,0.10119999945163727,0.10099999606609344,,,,
1.2,1.0,13,6,2.336413934032546,0.10118333333333333,0.0957999974489212,0.09470000118017197,0.09589999914169312,0.08980000019073486,0.10529999434947968,0.0957999974489212,,,,
1.2,1.0,14,6,2.335219595223856,0.10168333333333333,0.11319999396800995,0.11539999395608902,0.1119999960064888,0.13509999215602875,0.14090000092983246,0.11349999904632568,,,,
1.2,1.0,15,6,2.341726553719689,0.10105,0.11329999566078186,0.11270000040531158,0.10759999603033066,0.12189999967813492,0.12870000302791595,0.11349999904632568,,,,
1.2,1.0,16,6,2.354064541330724,0.10118333333333333,0.0957999974489212,0.0957999974489212,0.0957999974489212,0.09699999541044235,0.0957999974489212,0.0957999974489212,,,,
1.2,1.0,17,6,2.335571101479439,0.10353333333333334,0.09799999743700027,0.09799999743700027,0.09799999743700027,0.0989999994635582,0.09799999743700027,0.09799999743700027,,,,
1.2,1.0,18,6,2.337213112092984,0.1005,0.0982000008225441,0.0982000008225441,0.0982000008225441,0.09889999777078629,0.0982000008225441,0.0982000008225441,,,,
1.2,1.0,19,6,2.3348180459760655,0.10373333333333333,0.0973999947309494,0.0973999947309494,0.0973999947309494,0.09869999438524246,0.0973999947309494,0.0973999947309494,,,,
1.2,1.0,20,6,2.3387691049433466,0.10096666666666666,0.10279999673366547,0.10279999673366547,0.10279999673366547,0.09789999574422836,0.10279999673366547,0.10279999673366547,,,,
1.2,1.0,21,6,2.338857708200971,0.10293333333333334,0.09799999743700027,0.09799999743700027,0.09799999743700027,0.09989999979734421,0.09799999743700027,0.09799999743700027,,,,
1.2,1.0,22,6,2.3402585947691503,0.10265,0.10319999605417252,0.10319999605417252,0.10319999605417252,0.10399999469518661,0.10319999605417252,0.10319999605417252,,,,
1.2,1.0,23,6,2.340396953289951,0.10276666666666667,0.0957999974489212,0.0957999974489212,0.0957999974489212,0.09669999778270721,0.0957999974489212,0.0957999974489212,,,,
1.2,1.0,24,6,2.3404083480712954,0.10153333333333334,0.0973999947309494,0.0973999947309494,0.0973999947309494,0.09849999845027924,0.0973999947309494,0.0973999947309494,,,,
1.2,1.0,25,6,2.3452011811962006,0.10156666666666667,0.11349999904632568,0.11349999904632568,0.11349999904632568,0.11479999870061874,0.11349999904632568,0.11349999904632568,,,,
1.2,1.0,26,6,2.345018379215493,0.10003333333333334,0.0982000008225441,0.0982000008225441,0.0982000008225441,0.0989999994635582,0.0982000008225441,0.0982000008225441,,,,
1.2,1.0,27,6,2.337574960326335,0.10153333333333334,0.08919999748468399,0.08919999748468399,0.08919999748468399,0.08999999612569809,0.08919999748468399,0.08919999748468399,,,,
1.2,1.0,28,6,2.3406600438709706,0.10186666666666666,0.09799999743700027,0.09799999743700027,0.09799999743700027,0.09950000047683716,0.09799999743700027,0.09799999743700027,,,,
1.2,1.0,29,6,2.342964502794148,0.10098333333333333,0.0973999947309494,0.0973999947309494,0.0973999947309494,0.0982000008225441,0.0973999947309494,0.0973999947309494,,,,
1.2,1.0,30,6,2.3407256659160036,0.1005,0.11349999904632568,0.11349999904632568,0.11349999904632568,0.1143999993801117,0.11349999904632568,0.11349999904632568,,,,
1.2,1.0,1,7,2.3384315144024423,0.10201666666666667,0.0957999974489212,0.0957999974489212,0.0957999974489212,0.09690000116825104,0.0957999974489212,0.0957999974489212,0.0957999974489212,,,
1.2,1.0,2,7,2.342969175086601,0.10103333333333334,0.10319999605417252,0.10319999605417252,0.10319999605417252,0.10439999401569366,0.10319999605417252,0.10319999605417252,0.10319999605417252,,,
1.2,1.0,3,7,2.33648528524045,0.10326666666666667,0.10099999606609344,0.10099999606609344,0.10099999606609344,0.10459999740123749,0.10099999606609344,0.10099999606609344,0.10099999606609344,,,
1.2,1.0,4,7,2.33873155172954,0.10288333333333333,0.0957999974489212,0.0957999974489212,0.0957999974489212,0.09889999777078629,0.0957999974489212,0.0957999974489212,0.0957999974489212,,,
1.2,1.0,5,7,2.339938319822364,0.103,0.09799999743700027,0.09799999743700027,0.09799999743700027,0.10159999877214432,0.09799999743700027,0.09799999743700027,0.09799999743700027,,,
1.2,1.0,6,7,2.3380869136436155,0.1031,0.0957999974489212,0.0957999974489212,0.0957999974489212,0.09939999878406525,0.0957999974489212,0.0957999974489212,0.0957999974489212,,,
1.2,1.0,7,7,2.343422929869532,0.10275,0.09799999743700027,0.09799999743700027,0.09799999743700027,0.10159999877214432,0.09799999743700027,0.09799999743700027,0.09799999743700027,,,
1.2,1.0,8,7,2.3415281975955597,0.1022,0.10099999606609344,0.10099999606609344,0.10099999606609344,0.10429999977350235,0.10099999606609344,0.10099999606609344,0.10099999606609344,,,
1.2,1.0,9,7,2.338925572092345,0.10396666666666667,0.11349999904632568,0.11349999904632568,0.11349999904632568,0.11639999598264694,0.11349999904632568,0.11349999904632568,0.11349999904632568,,,
1.2,1.0,10,7,2.3365110756237626,0.10266666666666667,0.10279999673366547,0.10279999673366547,0.10279999673366547,0.10009999573230743,0.10279999673366547,0.10279999673366547,0.10279999673366547,,,
1.2,1.0,11,7,2.3468061301753975,0.1026,0.08919999748468399,0.08919999748468399,0.08919999748468399,0.09229999780654907,0.08919999748468399,0.08919999748468399,0.08919999748468399,,,
1.2,1.0,12,7,2.3390957058619843,0.10231666666666667,0.10089999437332153,0.10089999437332153,0.10089999437332153,0.10409999638795853,0.10089999437332153,0.10089999437332153,0.10089999437332153,,,
1.2,1.0,13,7,2.341964931122021,0.10281666666666667,0.0982000008225441,0.0982000008225441,0.0982000008225441,0.10130000114440918,0.0982000008225441,0.0982000008225441,0.0982000008225441,,,
1.2,1.0,14,7,2.3383054779028334,0.10248333333333333,0.10099999606609344,0.10099999606609344,0.10099999606609344,0.10369999706745148,0.10099999606609344,0.10099999606609344,0.10099999606609344,,,
1.2,1.0,15,7,2.338307846837969,0.10316666666666667,0.11349999904632568,0.11349999904632568,0.11349999904632568,0.11679999530315399,0.11349999904632568,0.11349999904632568,0.11349999904632568,,,
1.2,1.0,16,7,2.3401052209614184,0.10086666666666666,0.10279999673366547,0.10279999673366547,0.10279999673366547,0.09999999403953552,0.10279999673366547,0.10279999673366547,0.10279999673366547,,,
1.2,1.0,17,7,2.3412710379944173,0.10105,0.0973999947309494,0.0973999947309494,0.0973999947309494,0.10080000013113022,0.0973999947309494,0.0973999947309494,0.0973999947309494,,,
1.2,1.0,18,7,2.34030807755395,0.1024,0.10099999606609344,0.10099999606609344,0.10099999606609344,0.10439999401569366,0.10099999606609344,0.10099999606609344,0.10099999606609344,,,
1.2,1.0,19,7,2.343152068571241,0.1005,0.08919999748468399,0.08919999748468399,0.08919999748468399,0.09229999780654907,0.08919999748468399,0.08919999748468399,0.08919999748468399,,,
1.2,1.0,20,7,2.338363500546291,0.10256666666666667,0.10319999605417252,0.10319999605417252,0.10319999605417252,0.10669999569654465,0.10319999605417252,0.10319999605417252,0.10319999605417252,,,
1.2,1.0,21,7,2.338253969830999,0.10196666666666666,0.11349999904632568,0.11349999904632568,0.11349999904632568,0.11639999598264694,0.11349999904632568,0.11349999904632568,0.11349999904632568,,,
1.2,1.0,22,7,2.3418388966558332,0.10336666666666666,0.10279999673366547,0.10279999673366547,0.10279999673366547,0.10019999742507935,0.10279999673366547,0.10279999673366547,0.10279999673366547,,,
1.2,1.0,23,7,2.338739159264798,0.10138333333333334,0.10279999673366547,0.10279999673366547,0.10279999673366547,0.0997999981045723,0.10279999673366547,0.10279999673366547,0.10279999673366547,,,
1.2,1.0,24,7,2.3394017524556565,0.1023,0.08919999748468399,0.08919999748468399,0.08919999748468399,0.09239999949932098,0.08919999748468399,0.08919999748468399,0.08919999748468399,,,
1.2,1.0,25,7,2.3438059505877464,0.1017,0.10279999673366547,0.10279999673366547,0.10279999673366547,0.0997999981045723,0.10279999673366547,0.10279999673366547,0.10279999673366547,,,
1.2,1.0,26,7,2.33884302080313,0.10158333333333333,0.10319999605417252,0.10319999605417252,0.10319999605417252,0.10649999976158142,0.10319999605417252,0.10319999605417252,0.10319999605417252,,,
1.2,1.0,27,7,2.3437309590484032,0.10056666666666667,0.10279999673366547,0.10279999673366547,0.10279999673366547,0.09989999979734421,0.10279999673366547,0.10279999673366547,0.10279999673366547,,,
1.2,1.0,28,7,2.3422287867775857,0.10306666666666667,0.09799999743700027,0.09799999743700027,0.09799999743700027,0.10130000114440918,0.09799999743700027,0.09799999743700027,0.09799999743700027,,,
1.2,1.0,29,7,2.3384239948126297,0.1007,0.11349999904632568,0.11349999904632568,0.11349999904632568,0.11659999936819077,0.11349999904632568,0.11349999904632568,0.11349999904632568,,,
1.2,1.0,30,7,2.336931451805619,0.10165,0.11349999904632568,0.11349999904632568,0.11349999904632568,0.11679999530315399,0.11349999904632568,0.11349999904632568,0.11349999904632568,,,
1.2,1.0,1,8,2.338886685462903,0.10251666666666667,0.10099999606609344,0.10099999606609344,0.10099999606609344,0.10409999638795853,0.10099999606609344,0.10099999606609344,0.10099999606609344,0.10099999606609344,,
1.2,1.0,2,8,2.3377006038673906,0.1004,0.10279999673366547,0.10279999673366547,0.10279999673366547,0.10009999573230743,0.10279999673366547,0.10279999673366547,0.10279999673366547,0.10279999673366547,,
1.2,1.0,3,8,2.3419544966236105,0.1033,0.09799999743700027,0.09799999743700027,0.09799999743700027,0.1006999984383583,0.09799999743700027,0.09799999743700027,0.09799999743700027,0.09799999743700027,,
1.2,1.0,4,8,2.3415210369045036,0.10036666666666667,0.11349999904632568,0.11349999904632568,0.11349999904632568,0.11659999936819077,0.11349999904632568,0.11349999904632568,0.11349999904632568,0.11349999904632568,,
1.2,1.0,5,8,2.3447467269165427,0.1,0.10279999673366547,0.10279999673366547,0.10279999673366547,0.09969999641180038,0.10279999673366547,0.10279999673366547,0.10279999673366547,0.10279999673366547,,
1.2,1.0,6,8,2.3437866763011224,0.10188333333333334,0.09799999743700027,0.09799999743700027,0.09799999743700027,0.10109999775886536,0.09799999743700027,0.09799999743700027,0.09799999743700027,0.09799999743700027,,
1.2,1.0,7,8,2.336617609076917,0.10395,0.11349999904632568,0.11349999904632568,0.11349999904632568,0.11639999598264694,0.11349999904632568,0.11349999904632568,0.11349999904632568,0.11349999904632568,,
1.2,1.0,8,8,2.344098469850097,0.10035,0.11349999904632568,0.11349999904632568,0.11349999904632568,0.1168999969959259,0.11349999904632568,0.11349999904632568,0.11349999904632568,0.11349999904632568,,
1.2,1.0,9,8,2.3444398745799115,0.1012,0.11349999904632568,0.11349999904632568,0.11349999904632568,0.11620000004768372,0.11349999904632568,0.11349999904632568,0.11349999904632568,0.11349999904632568,,
1.2,1.0,10,8,2.339512706057095,0.10061666666666666,0.10319999605417252,0.10319999605417252,0.10319999605417252,0.10610000044107437,0.10319999605417252,0.10319999605417252,0.10319999605417252,0.10319999605417252,,
1.2,1.0,11,8,2.3401266654163027,0.10071666666666666,0.0982000008225441,0.0982000008225441,0.0982000008225441,0.10130000114440918,0.0982000008225441,0.0982000008225441,0.0982000008225441,0.0982000008225441,,
1.2,1.0,12,8,2.336673604399919,0.10431666666666667,0.10099999606609344,0.10099999606609344,0.10099999606609344,0.10439999401569366,0.10099999606609344,0.10099999606609344,0.10099999606609344,0.10099999606609344,,
1.2,1.0,13,8,2.3451932584807307,0.1004,0.10279999673366547,0.10279999673366547,0.10279999673366547,0.10019999742507935,0.10279999673366547,0.10279999673366547,0.10279999673366547,0.10279999673366547,,
1.2,1.0,14,8,2.3391752558222203,0.10113333333333334,0.10279999673366547,0.10279999673366547,0.10279999673366547,0.09969999641180038,0.10279999673366547,0.10279999673366547,0.10279999673366547,0.10279999673366547,,
1.2,1.0,15,8,2.336367656427152,0.10445,0.11349999904632568,0.11349999904632568,0.11349999904632568,0.11620000004768372,0.11349999904632568,0.11349999904632568,0.11349999904632568,0.11349999904632568,,
1.2,1.0,16,8,2.3388362800134526,0.10048333333333333,0.10279999673366547,0.10279999673366547,0.10279999673366547,0.0997999981045723,0.10279999673366547,0.10279999673366547,0.10279999673366547,0.10279999673366547,,
1.2,1.0,17,8,2.3393030339466736,0.10313333333333333,0.10099999606609344,0.10099999606609344,0.10099999606609344,0.10429999977350235,0.10099999606609344,0.10099999606609344,0.10099999606609344,0.10099999606609344,,
1.2,1.0,18,8,2.3351030288728825,0.10313333333333333,0.11349999904632568,0.11349999904632568,0.11349999904632568,0.11659999936819077,0.11349999904632568,0.11349999904632568,0.11349999904632568,0.11349999904632568,,
1.2,1.0,19,8,2.3376797704554315,0.10338333333333333,0.10319999605417252,0.10319999605417252,0.10319999605417252,0.10639999806880951,0.10319999605417252,0.10319999605417252,0.10319999605417252,0.10319999605417252,,
1.2,1.0,20,8,2.3366988737191727,0.10183333333333333,0.0973999947309494,0.0973999947309494,0.0973999947309494,0.10049999505281448,0.0973999947309494,0.0973999947309494,0.0973999947309494,0.0973999947309494,,
1.2,1.0,21,8,2.3364811314702796,0.10463333333333333,0.10099999606609344,0.10099999606609344,0.10099999606609344,0.10409999638795853,0.10099999606609344,0.10099999606609344,0.10099999606609344,0.10099999606609344,,
1.2,1.0,22,8,2.3415859630112963,0.10308333333333333,0.11349999904632568,0.11349999904632568,0.11349999904632568,0.11710000038146973,0.11349999904632568,0.11349999904632568,0.11349999904632568,0.11349999904632568,,
1.2,1.0,23,8,2.341632800315743,0.10283333333333333,0.10089999437332153,0.10089999437332153,0.10089999437332153,0.10399999469518661,0.10089999437332153,0.10089999437332153,0.10089999437332153,0.10089999437332153,,
1.2,1.0,24,8,2.33947177075628,0.10076666666666667,0.10279999673366547,0.10279999673366547,0.10279999673366547,0.10029999911785126,0.10279999673366547,0.10279999673366547,0.10279999673366547,0.10279999673366547,,
1.2,1.0,25,8,2.3395955877771764,0.10103333333333334,0.10279999673366547,0.10279999673366547,0.10279999673366547,0.09999999403953552,0.10279999673366547,0.10279999673366547,0.10279999673366547,0.10279999673366547,,
1.2,1.0,26,8,2.341132479181676,0.10121666666666666,0.10279999673366547,0.10279999673366547,0.10279999673366547,0.09999999403953552,0.10279999673366547,0.10279999673366547,0.10279999673366547,0.10279999673366547,,
1.2,1.0,27,8,2.3431556697593314,0.10266666666666667,0.11349999904632568,0.11349999904632568,0.11349999904632568,0.11699999868869781,0.11349999904632568,0.11349999904632568,0.11349999904632568,0.11349999904632568,,
1.2,1.0,28,8,2.342573455147652,0.10106666666666667,0.10279999673366547,0.10279999673366547,0.10279999673366547,0.10019999742507935,0.10279999673366547,0.10279999673366547,0.10279999673366547,0.10279999673366547,,
1.2,1.0,29,8,2.3404763792115233,0.10005,0.11349999904632568,0.11349999904632568,0.11349999904632568,0.11629999428987503,0.11349999904632568,0.11349999904632568,0.11349999904632568,0.11349999904632568,,
1.2,1.0,30,8,2.3399499779316915,0.1014,0.0957999974489212,0.0957999974489212,0.0957999974489212,0.09910000115633011,0.0957999974489212,0.0957999974489212,0.0957999974489212,0.0957999974489212,,
1.2,1.0,1,9,2.3384800958735092,0.10226666666666667,0.09799999743700027,0.09799999743700027,0.09799999743700027,0.10170000046491623,0.09799999743700027,0.09799999743700027,0.09799999743700027,0.09799999743700027,0.09799999743700027,
1.2,1.0,2,9,2.3371396395189166,0.10233333333333333,0.10089999437332153,0.10089999437332153,0.10089999437332153,0.10379999876022339,0.10089999437332153,0.10089999437332153,0.10089999437332153,0.10089999437332153,0.10089999437332153,
1.2,1.0,3,9,2.3410867063729746,0.10176666666666667,0.08919999748468399,0.08919999748468399,0.08919999748468399,0.09229999780654907,0.08919999748468399,0.08919999748468399,0.08919999748468399,0.08919999748468399,0.08919999748468399,
1.2,1.0,4,9,2.344891846052873,0.10131666666666667,0.08919999748468399,0.08919999748468399,0.08919999748468399,0.09269999712705612,0.08919999748468399,0.08919999748468399,0.08919999748468399,0.08919999748468399,0.08919999748468399,
1.2,1.0,5,9,2.3349333643150736,0.1022,0.0957999974489212,0.0957999974489212,0.0957999974489212,0.09860000014305115,0.0957999974489212,0.0957999974489212,0.0957999974489212,0.0957999974489212,0.0957999974489212,
1.2,1.0,6,9,2.341373177225402,0.10288333333333333,0.08919999748468399,0.08919999748468399,0.08919999748468399,0.09229999780654907,0.08919999748468399,0.08919999748468399,0.08919999748468399,0.08919999748468399,0.08919999748468399,
1.2,1.0,7,9,2.3373916952340585,0.10248333333333333,0.10089999437332153,0.10089999437332153,0.10089999437332153,0.10399999469518661,0.10089999437332153,0.10089999437332153,0.10089999437332153,0.10089999437332153,0.10089999437332153,
1.2,1.0,8,9,2.3402051707066454,0.10136666666666666,0.10279999673366547,0.10279999673366547,0.10279999673366547,0.10040000081062317,0.10279999673366547,0.10279999673366547,0.10279999673366547,0.10279999673366547,0.10279999673366547,
1.2,1.0,9,9,2.3409342903064005,0.1028,0.0982000008225441,0.0982000008225441,0.0982000008225441,0.1013999953866005,0.0982000008225441,0.0982000008225441,0.0982000008225441,0.0982000008225441,0.0982000008225441,
1.2,1.0,10,9,2.340345448268248,0.10243333333333333,0.10279999673366547,0.10279999673366547,0.10279999673366547,0.0997999981045723,0.10279999673366547,0.10279999673366547,0.10279999673366547,0.10279999673366547,0.10279999673366547,
1.2,1.0,11,9,2.335037780468906,0.10185,0.11349999904632568,0.11349999904632568,0.11349999904632568,0.11669999361038208,0.11349999904632568,0.11349999904632568,0.11349999904632568,0.11349999904632568,0.11349999904632568,
1.2,1.0,12,9,2.3412847000398616,0.10151666666666667,0.0957999974489212,0.0957999974489212,0.0957999974489212,0.09889999777078629,0.0957999974489212,0.0957999974489212,0.0957999974489212,0.0957999974489212,0.0957999974489212,
1.2,1.0,13,9,2.341511873294041,0.10055,0.10099999606609344,0.10099999606609344,0.10099999606609344,0.10439999401569366,0.10099999606609344,0.10099999606609344,0.10099999606609344,0.10099999606609344,0.10099999606609344,
1.2,1.0,14,9,2.3387343131148737,0.10243333333333333,0.10279999673366547,0.10279999673366547,0.10279999673366547,0.09989999979734421,0.10279999673366547,0.10279999673366547,0.10279999673366547,0.10279999673366547,0.10279999673366547,
1.2,1.0,15,9,2.3383551945310157,0.10166666666666667,0.09799999743700027,0.09799999743700027,0.09799999743700027,0.10109999775886536,0.09799999743700027,0.09799999743700027,0.09799999743700027,0.09799999743700027,0.09799999743700027,
1.2,1.0,16,9,2.338523859662542,0.10001666666666667,0.10099999606609344,0.10099999606609344,0.10099999606609344,0.10409999638795853,0.10099999606609344,0.10099999606609344,0.10099999606609344,0.10099999606609344,0.10099999606609344,
1.2,1.0,17,9,2.3400820679247762,0.1016,0.0957999974489212,0.0957999974489212,0.0957999974489212,0.09910000115633011,0.0957999974489212,0.0957999974489212,0.0957999974489212,0.0957999974489212,0.0957999974489212,
1.2,1.0,18,9,2.3444613292018994,0.10386666666666666,0.09799999743700027,0.09799999743700027,0.09799999743700027,0.1005999967455864,0.09799999743700027,0.09799999743700027,0.09799999743700027,0.09799999743700027,0.09799999743700027,
1.2,1.0,19,9,2.3385039346812886,0.1008,0.10089999437332153,0.10089999437332153,0.10089999437332153,0.10399999469518661,0.10089999437332153,0.10089999437332153,0.10089999437332153,0.10089999437332153,0.10089999437332153,
1.2,1.0,20,9,2.340130903573433,0.10336666666666666,0.10099999606609344,0.10099999606609344,0.10099999606609344,0.10429999977350235,0.10099999606609344,0.10099999606609344,0.10099999606609344,0.10099999606609344,0.10099999606609344,
1.2,1.0,21,9,2.3383496382089057,0.10195,0.0973999947309494,0.0973999947309494,0.0973999947309494,0.10099999606609344,0.0973999947309494,0.0973999947309494,0.0973999947309494,0.0973999947309494,0.0973999947309494,
1.2,1.0,22,9,2.3443979866214906,0.10083333333333333,0.10319999605417252,0.10319999605417252,0.10319999605417252,0.10589999705553055,0.10319999605417252,0.10319999605417252,0.10319999605417252,0.10319999605417252,0.10319999605417252,
1.2,1.0,23,9,2.3384766314329624,0.10378333333333334,0.10099999606609344,0.10099999606609344,0.10099999606609344,0.10409999638795853,0.10099999606609344,0.10099999606609344,0.10099999606609344,0.10099999606609344,0.10099999606609344,
1.2,1.0,24,9,2.3400469695581303,0.09951666666666667,0.10279999673366547,0.10279999673366547,0.10279999673366547,0.10009999573230743,0.10279999673366547,0.10279999673366547,0.10279999673366547,0.10279999673366547,0.10279999673366547,
1.2,1.0,25,9,2.3438888790765042,0.09993333333333333,0.10099999606609344,0.10099999606609344,0.10099999606609344,0.10449999570846558,0.10099999606609344,0.10099999606609344,0.10099999606609344,0.10099999606609344,0.10099999606609344,
1.2,1.0,26,9,2.340267690768374,0.10008333333333333,0.11349999904632568,0.11349999904632568,0.11349999904632568,0.11659999936819077,0.11349999904632568,0.11349999904632568,0.11349999904632568,0.11349999904632568,0.11349999904632568,
1.2,1.0,27,9,2.3369333378033343,0.10071666666666666,0.0982000008225441,0.0982000008225441,0.0982000008225441,0.1014999970793724,0.0982000008225441,0.0982000008225441,0.0982000008225441,0.0982000008225441,0.0982000008225441,
1.2,1.0,28,9,2.3391429269745916,0.10001666666666667,0.11349999904632568,0.11349999904632568,0.11349999904632568,0.11699999868869781,0.11349999904632568,0.11349999904632568,0.11349999904632568,0.11349999904632568,0.11349999904632568,
1.2,1.0,29,9,2.3396716473707513,0.10063333333333334,0.10089999437332153,0.10089999437332153,0.10089999437332153,0.10409999638795853,0.10089999437332153,0.10089999437332153,0.10089999437332153,0.10089999437332153,0.10089999437332153,
1.2,1.0,30,9,2.337666503910317,0.10305,0.10319999605417252,0.10319999605417252,0.10319999605417252,0.10659999400377274,0.10319999605417252,0.10319999605417252,0.10319999605417252,0.10319999605417252,0.10319999605417252,
1.2,1.0,1,10,2.3386750292422165,0.1025,0.0973999947309494,0.0973999947309494,0.0973999947309494,0.10049999505281448,0.0973999947309494,0.0973999947309494,0.0973999947309494,0.0973999947309494,0.0973999947309494,0.0973999947309494
1.2,1.0,2,10,2.337888175744746,0.10165,0.0982000008225441,0.0982000008225441,0.0982000008225441,0.1014999970793724,0.0982000008225441,0.0982000008225441,0.0982000008225441,0.0982000008225441,0.0982000008225441,0.0982000008225441
1.2,1.0,3,10,2.3391477578738606,0.10388333333333333,0.0982000008225441,0.0982000008225441,0.0982000008225441,0.10130000114440918,0.0982000008225441,0.0982000008225441,0.0982000008225441,0.0982000008225441,0.0982000008225441,0.0982000008225441
1.2,1.0,4,10,2.3411522282720374,0.10261666666666666,0.09799999743700027,0.09799999743700027,0.09799999743700027,0.10109999775886536,0.09799999743700027,0.09799999743700027,0.09799999743700027,0.09799999743700027,0.09799999743700027,0.09799999743700027
1.2,1.0,5,10,2.339822482961073,0.10305,0.0973999947309494,0.0973999947309494,0.0973999947309494,0.10089999437332153,0.0973999947309494,0.0973999947309494,0.0973999947309494,0.0973999947309494,0.0973999947309494,0.0973999947309494
1.2,1.0,6,10,2.3407097777832293,0.101,0.10279999673366547,0.10279999673366547,0.10279999673366547,0.09969999641180038,0.10279999673366547,0.10279999673366547,0.10279999673366547,0.10279999673366547,0.10279999673366547,0.10279999673366547
1.2,1.0,7,10,2.3353574891080227,0.10328333333333334,0.10319999605417252,0.10319999605417252,0.10319999605417252,0.10669999569654465,0.10319999605417252,0.10319999605417252,0.10319999605417252,0.10319999605417252,0.10319999605417252,0.10319999605417252
1.2,1.0,8,10,2.340719067974131,0.10051666666666667,0.11349999904632568,0.11349999904632568,0.11349999904632568,0.11599999666213989,0.11349999904632568,0.11349999904632568,0.11349999904632568,0.11349999904632568,0.11349999904632568,0.11349999904632568
1.2,1.0,9,10,2.340851286072721,0.10098333333333333,0.10279999673366547,0.10279999673366547,0.10279999673366547,0.0997999981045723,0.10279999673366547,0.10279999673366547,0.10279999673366547,0.10279999673366547,0.10279999673366547,0.10279999673366547
1.2,1.0,10,10,2.3388684563545277,0.1033,0.11349999904632568,0.11349999904632568,0.11349999904632568,0.1168999969959259,0.11349999904632568,0.11349999904632568,0.11349999904632568,0.11349999904632568,0.11349999904632568,0.11349999904632568
1.2,1.0,11,10,2.3391030963295814,0.1029,0.10099999606609344,0.10099999606609344,0.10099999606609344,0.10419999808073044,0.10099999606609344,0.10099999606609344,0.10099999606609344,0.10099999606609344,0.10099999606609344,0.10099999606609344
1.2,1.0,12,10,2.3399385775584403,0.10006666666666666,0.0957999974489212,0.0957999974489212,0.0957999974489212,0.09910000115633011,0.0957999974489212,0.0957999974489212,0.0957999974489212,0.0957999974489212,0.0957999974489212,0.0957999974489212
1.2,1.0,13,10,2.341971841702329,0.10255,0.10099999606609344,0.10099999606609344,0.10099999606609344,0.10449999570846558,0.10099999606609344,0.10099999606609344,0.10099999606609344,0.10099999606609344,0.10099999606609344,0.10099999606609344
1.2,1.0,14,10,2.3397221753338,0.10148333333333333,0.0973999947309494,0.0973999947309494,0.0973999947309494,0.0997999981045723,0.0973999947309494,0.0973999947309494,0.0973999947309494,0.0973999947309494,0.0973999947309494,0.0973999947309494
1.2,1.0,15,10,2.339435963234159,0.10078333333333334,0.11349999904632568,0.11349999904632568,0.11349999904632568,0.11659999936819077,0.11349999904632568,0.11349999904632568,0.11349999904632568,0.11349999904632568,0.11349999904632568,0.11349999904632568
1.2,1.0,16,10,2.341328956425063,0.10153333333333334,0.10089999437332153,0.10089999437332153,0.10089999437332153,0.10359999537467957,0.10089999437332153,0.10089999437332153,0.10089999437332153,0.10089999437332153,0.10089999437332153,0.10089999437332153
1.2,1.0,17,10,2.340009483955562,0.09976666666666667,0.0982000008225441,0.0982000008225441,0.0982000008225441,0.1013999953866005,0.0982000008225441,0.0982000008225441,0.0982000008225441,0.0982000008225441,0.0982000008225441,0.0982000008225441
1.2,1.0,18,10,2.340832292906511,0.10011666666666667,0.0957999974489212,0.0957999974489212,0.0957999974489212,0.09889999777078629,0.0957999974489212,0.0957999974489212,0.0957999974489212,0.0957999974489212,0.0957999974489212,0.0957999974489212
1.2,1.0,19,10,2.3374909337903897,0.1006,0.10089999437332153,0.10089999437332153,0.10089999437332153,0.10349999368190765,0.10089999437332153,0.10089999437332153,0.10089999437332153,0.10089999437332153,0.10089999437332153,0.10089999437332153
1.2,1.0,20,10,2.3366215340872563,0.10273333333333333,0.09799999743700027,0.09799999743700027,0.09799999743700027,0.10189999639987946,0.09799999743700027,0.09799999743700027,0.09799999743700027,0.09799999743700027,0.09799999743700027,0.09799999743700027
1.2,1.0,21,10,2.3364341264086237,0.10083333333333333,0.09799999743700027,0.09799999743700027,0.09799999743700027,0.10089999437332153,0.09799999743700027,0.09799999743700027,0.09799999743700027,0.09799999743700027,0.09799999743700027,0.09799999743700027
1.2,1.0,22,10,2.3395265124754103,0.1022,0.10279999673366547,0.10279999673366547,0.10279999673366547,0.09989999979734421,0.10279999673366547,0.10279999673366547,0.10279999673366547,0.10279999673366547,0.10279999673366547,0.10279999673366547
1.2,1.0,23,10,2.336042506354196,0.09913333333333334,0.09799999743700027,0.09799999743700027,0.09799999743700027,0.10089999437332153,0.09799999743700027,0.09799999743700027,0.09799999743700027,0.09799999743700027,0.09799999743700027,0.09799999743700027
1.2,1.0,24,10,2.3395906694408164,0.1038,0.10099999606609344,0.10099999606609344,0.10099999606609344,0.10419999808073044,0.10099999606609344,0.10099999606609344,0.10099999606609344,0.10099999606609344,0.10099999606609344,0.10099999606609344
1.2,1.0,25,10,2.3371004997285953,0.10271666666666666,0.0957999974489212,0.0957999974489212,0.0957999974489212,0.09860000014305115,0.0957999974489212,0.0957999974489212,0.0957999974489212,0.0957999974489212,0.0957999974489212,0.0957999974489212
1.2,1.0,26,10,2.3432024892713468,0.1021,0.10279999673366547,0.10279999673366547,0.10279999673366547,0.10009999573230743,0.10279999673366547,0.10279999673366547,0.10279999673366547,0.10279999673366547,0.10279999673366547,0.10279999673366547
1.2,1.0,27,10,2.3386191218646606,0.10276666666666667,0.10099999606609344,0.10099999606609344,0.10099999606609344,0.10419999808073044,0.10099999606609344,0.10099999606609344,0.10099999606609344,0.10099999606609344,0.10099999606609344,0.10099999606609344
1.2,1.0,28,10,2.339228766813461,0.10333333333333333,0.09799999743700027,0.09799999743700027,0.09799999743700027,0.10099999606609344,0.09799999743700027,0.09799999743700027,0.09799999743700027,0.09799999743700027,0.09799999743700027,0.09799999743700027
1.2,1.0,29,10,2.3375337362797786,0.10235,0.09799999743700027,0.09799999743700027,0.09799999743700027,0.1006999984383583,0.09799999743700027,0.09799999743700027,0.09799999743700027,0.09799999743700027,0.09799999743700027,0.09799999743700027
1.2,1.0,30,10,2.3379686082095734,0.10143333333333333,0.09799999743700027,0.09799999743700027,0.09799999743700027,0.10099999606609344,0.09799999743700027,0.09799999743700027,0.09799999743700027,0.09799999743700027,0.09799999743700027,0.09799999743700027
