step,task_0_acc,task_1_acc,task_2_acc,task_3_acc,task_4_acc,task_5_acc,task_6_acc,task_7_acc,task_8_acc,task_9_acc,task_10_acc,task_11_acc,task_12_acc,task_13_acc,task_14_acc,task_15_acc,task_16_acc,task_17_acc,task_18_acc,task_19_acc,total_basis_rank,basis_rank_features.0.weight,basis_rank_features.2.weight,basis_rank_features.4.weight,basis_rank_features.6.weight,basis_rank_features.8.weight,basis_rank_features.10.weight,basis_rank_features.12.weight,basis_rank_features.14.weight,basis_rank_features.16.weight,basis_rank_classifier.weight
0,0.15000000596046448,,,,,,,,,,,,,,,,,,,,0.0,,,,,,,,,,
100,0.8260000348091125,,,,,,,,,,,,,,,,,,,,0.0,,,,,,,,,,
200,0.8770000338554382,,,,,,,,,,,,,,,,,,,,0.0,,,,,,,,,,
300,0.8940000534057617,,,,,,,,,,,,,,,,,,,,0.0,,,,,,,,,,
400,0.9100000262260437,,,,,,,,,,,,,,,,,,,,0.0,,,,,,,,,,
500,0.9150000214576721,,,,,,,,,,,,,,,,,,,,0.0,,,,,,,,,,
600,0.9250000715255737,,,,,,,,,,,,,,,,,,,,0.0,,,,,,,,,,
700,0.9270000457763672,,,,,,,,,,,,,,,,,,,,0.0,,,,,,,,,,
800,0.9310000538825989,,,,,,,,,,,,,,,,,,,,0.0,,,,,,,,,,
900,0.9380000233650208,,,,,,,,,,,,,,,,,,,,0.0,,,,,,,,,,
1000,0.9380000233650208,,,,,,,,,,,,,,,,,,,,0.0,,,,,,,,,,
1100,0.9380000233650208,,,,,,,,,,,,,,,,,,,,0.0,,,,,,,,,,
1175,0.9350000619888306,0.12800000607967377,0.1340000033378601,0.12000000476837158,0.10500000417232513,0.0820000022649765,0.10400000214576721,0.10100000351667404,0.11700000613927841,0.125,0.08700000494718552,0.10000000149011612,0.10000000149011612,0.08900000154972076,0.10400000214576721,0.1380000114440918,0.11000000685453415,0.07200000435113907,0.0820000022649765,0.0650000050663948,820.0,134.0,106.0,88.0,75.0,72.0,71.0,69.0,70.0,69.0,66.0
1200,0.9350000619888306,0.6240000128746033,,,,,,,,,,,,,,,,,,,820.0,134.0,106.0,88.0,75.0,72.0,71.0,69.0,70.0,69.0,66.0
1300,0.9350000619888306,0.8380000591278076,,,,,,,,,,,,,,,,,,,820.0,134.0,106.0,88.0,75.0,72.0,71.0,69.0,70.0,69.0,66.0
1400,0.937000036239624,0.8740000128746033,,,,,,,,,,,,,,,,,,,820.0,134.0,106.0,88.0,75.0,72.0,71.0,69.0,70.0,69.0,66.0
1500,0.937000036239624,0.893000066280365,,,,,,,,,,,,,,,,,,,820.0,134.0,106.0,88.0,75.0,72.0,71.0,69.0,70.0,69.0,66.0
1600,0.937000036239624,0.9070000648498535,,,,,,,,,,,,,,,,,,,820.0,134.0,106.0,88.0,75.0,72.0,71.0,69.0,70.0,69.0,66.0
1700,0.937000036239624,0.9200000166893005,,,,,,,,,,,,,,,,,,,820.0,134.0,106.0,88.0,75.0,72.0,71.0,69.0,70.0,69.0,66.0
1800,0.937000036239624,0.9190000295639038,,,,,,,,,,,,,,,,,,,820.0,134.0,106.0,88.0,75.0,72.0,71.0,69.0,70.0,69.0,66.0
1900,0.937000036239624,0.9230000376701355,,,,,,,,,,,,,,,,,,,820.0,134.0,106.0,88.0,75.0,72.0,71.0,69.0,70.0,69.0,66.0
2000,0.937000036239624,0.9230000376701355,,,,,,,,,,,,,,,,,,,820.0,134.0,106.0,88.0,75.0,72.0,71.0,69.0,70.0,69.0,66.0
2100,0.937000036239624,0.9230000376701355,,,,,,,,,,,,,,,,,,,820.0,134.0,106.0,88.0,75.0,72.0,71.0,69.0,70.0,69.0,66.0
2200,0.9380000233650208,0.9310000538825989,,,,,,,,,,,,,,,,,,,820.0,134.0,106.0,88.0,75.0,72.0,71.0,69.0,70.0,69.0,66.0
2300,0.937000036239624,0.9280000329017639,,,,,,,,,,,,,,,,,,,820.0,134.0,106.0,88.0,75.0,72.0,71.0,69.0,70.0,69.0,66.0
2350,0.937000036239624,0.9290000200271606,0.14800000190734863,0.11800000816583633,0.10100000351667404,0.08900000154972076,0.09300000220537186,0.09600000083446503,0.10600000619888306,0.1300000101327896,0.12300000339746475,0.08000000566244125,0.13500000536441803,0.10700000822544098,0.11500000208616257,0.0690000057220459,0.11800000816583633,0.07800000160932541,0.07700000703334808,0.06800000369548798,1219.0,244.0,182.0,135.0,111.0,100.0,96.0,91.0,90.0,87.0,83.0
2400,0.9340000152587891,0.9290000200271606,0.7320000529289246,,,,,,,,,,,,,,,,,,1219.0,244.0,182.0,135.0,111.0,100.0,96.0,91.0,90.0,87.0,83.0
2500,0.9330000281333923,0.9290000200271606,0.8300000429153442,,,,,,,,,,,,,,,,,,1219.0,244.0,182.0,135.0,111.0,100.0,96.0,91.0,90.0,87.0,83.0
2600,0.9340000152587891,0.9290000200271606,0.8670000433921814,,,,,,,,,,,,,,,,,,1219.0,244.0,182.0,135.0,111.0,100.0,96.0,91.0,90.0,87.0,83.0
2700,0.9340000152587891,0.9300000667572021,0.878000020980835,,,,,,,,,,,,,,,,,,1219.0,244.0,182.0,135.0,111.0,100.0,96.0,91.0,90.0,87.0,83.0
2800,0.9340000152587891,0.9310000538825989,0.893000066280365,,,,,,,,,,,,,,,,,,1219.0,244.0,182.0,135.0,111.0,100.0,96.0,91.0,90.0,87.0,83.0
2900,0.9340000152587891,0.9300000667572021,0.9050000309944153,,,,,,,,,,,,,,,,,,1219.0,244.0,182.0,135.0,111.0,100.0,96.0,91.0,90.0,87.0,83.0
3000,0.9330000281333923,0.9300000667572021,0.9030000567436218,,,,,,,,,,,,,,,,,,1219.0,244.0,182.0,135.0,111.0,100.0,96.0,91.0,90.0,87.0,83.0
3100,0.9330000281333923,0.9300000667572021,0.9100000262260437,,,,,,,,,,,,,,,,,,1219.0,244.0,182.0,135.0,111.0,100.0,96.0,91.0,90.0,87.0,83.0
3200,0.9330000281333923,0.9300000667572021,0.9100000262260437,,,,,,,,,,,,,,,,,,1219.0,244.0,182.0,135.0,111.0,100.0,96.0,91.0,90.0,87.0,83.0
3300,0.9320000410079956,0.9300000667572021,0.9130000472068787,,,,,,,,,,,,,,,,,,1219.0,244.0,182.0,135.0,111.0,100.0,96.0,91.0,90.0,87.0,83.0
3400,0.9330000281333923,0.9300000667572021,0.9180000424385071,,,,,,,,,,,,,,,,,,1219.0,244.0,182.0,135.0,111.0,100.0,96.0,91.0,90.0,87.0,83.0
3500,0.9330000281333923,0.9310000538825989,0.921000063419342,,,,,,,,,,,,,,,,,,1219.0,244.0,182.0,135.0,111.0,100.0,96.0,91.0,90.0,87.0,83.0
3525,0.9320000410079956,0.9300000667572021,0.9190000295639038,0.12600000202655792,0.09600000083446503,0.07600000500679016,0.09000000357627869,0.09800000488758087,0.07500000298023224,0.1510000079870224,0.08700000494718552,0.07000000029802322,0.10000000149011612,0.09800000488758087,0.12600000202655792,0.08000000566244125,0.1210000067949295,0.05900000408291817,0.08500000089406967,0.04800000041723251,1498.0,338.0,235.0,167.0,133.0,118.0,110.0,104.0,102.0,98.0,93.0
3600,0.9280000329017639,0.9250000715255737,0.9180000424385071,0.7540000081062317,,,,,,,,,,,,,,,,,1498.0,338.0,235.0,167.0,133.0,118.0,110.0,104.0,102.0,98.0,93.0
3700,0.9280000329017639,0.9250000715255737,0.9150000214576721,0.8320000171661377,,,,,,,,,,,,,,,,,1498.0,338.0,235.0,167.0,133.0,118.0,110.0,104.0,102.0,98.0,93.0
3800,0.9270000457763672,0.9240000247955322,0.9120000600814819,0.8580000400543213,,,,,,,,,,,,,,,,,1498.0,338.0,235.0,167.0,133.0,118.0,110.0,104.0,102.0,98.0,93.0
3900,0.9270000457763672,0.9250000715255737,0.9110000729560852,0.8760000467300415,,,,,,,,,,,,,,,,,1498.0,338.0,235.0,167.0,133.0,118.0,110.0,104.0,102.0,98.0,93.0
4000,0.9260000586509705,0.9240000247955322,0.9120000600814819,0.8810000419616699,,,,,,,,,,,,,,,,,1498.0,338.0,235.0,167.0,133.0,118.0,110.0,104.0,102.0,98.0,93.0
4100,0.9260000586509705,0.9240000247955322,0.9110000729560852,0.89000004529953,,,,,,,,,,,,,,,,,1498.0,338.0,235.0,167.0,133.0,118.0,110.0,104.0,102.0,98.0,93.0
4200,0.9260000586509705,0.9220000505447388,0.9100000262260437,0.8970000147819519,,,,,,,,,,,,,,,,,1498.0,338.0,235.0,167.0,133.0,118.0,110.0,104.0,102.0,98.0,93.0
4300,0.9260000586509705,0.9220000505447388,0.9120000600814819,0.906000018119812,,,,,,,,,,,,,,,,,1498.0,338.0,235.0,167.0,133.0,118.0,110.0,104.0,102.0,98.0,93.0
4400,0.9260000586509705,0.9230000376701355,0.9120000600814819,0.9080000519752502,,,,,,,,,,,,,,,,,1498.0,338.0,235.0,167.0,133.0,118.0,110.0,104.0,102.0,98.0,93.0
4500,0.9260000586509705,0.9230000376701355,0.9110000729560852,0.9110000729560852,,,,,,,,,,,,,,,,,1498.0,338.0,235.0,167.0,133.0,118.0,110.0,104.0,102.0,98.0,93.0
4600,0.9260000586509705,0.9230000376701355,0.9100000262260437,0.9110000729560852,,,,,,,,,,,,,,,,,1498.0,338.0,235.0,167.0,133.0,118.0,110.0,104.0,102.0,98.0,93.0
4700,0.9260000586509705,0.9240000247955322,0.909000039100647,0.9170000553131104,0.07200000435113907,0.08100000023841858,0.07700000703334808,0.09600000083446503,0.0650000050663948,0.12000000476837158,0.09000000357627869,0.06000000238418579,0.09100000560283661,0.09600000083446503,0.11600000411272049,0.0860000029206276,0.08900000154972076,0.0860000029206276,0.08400000631809235,0.055000003427267075,1698.0,416.0,276.0,189.0,147.0,129.0,119.0,112.0,109.0,103.0,98.0
4700,0.9260000586509705,0.9240000247955322,0.9080000519752502,0.9170000553131104,0.09100000560283661,,,,,,,,,,,,,,,,1698.0,416.0,276.0,189.0,147.0,129.0,119.0,112.0,109.0,103.0,98.0
4800,0.9280000329017639,0.9260000586509705,0.9130000472068787,0.9170000553131104,0.7540000081062317,,,,,,,,,,,,,,,,1698.0,416.0,276.0,189.0,147.0,129.0,119.0,112.0,109.0,103.0,98.0
4900,0.9280000329017639,0.9240000247955322,0.9150000214576721,0.9170000553131104,0.8300000429153442,,,,,,,,,,,,,,,,1698.0,416.0,276.0,189.0,147.0,129.0,119.0,112.0,109.0,103.0,98.0
5000,0.9260000586509705,0.9240000247955322,0.9140000343322754,0.9150000214576721,0.8420000672340393,,,,,,,,,,,,,,,,1698.0,416.0,276.0,189.0,147.0,129.0,119.0,112.0,109.0,103.0,98.0
5100,0.9270000457763672,0.9230000376701355,0.9150000214576721,0.9130000472068787,0.8550000190734863,,,,,,,,,,,,,,,,1698.0,416.0,276.0,189.0,147.0,129.0,119.0,112.0,109.0,103.0,98.0
5200,0.9270000457763672,0.9240000247955322,0.9140000343322754,0.9140000343322754,0.8650000691413879,,,,,,,,,,,,,,,,1698.0,416.0,276.0,189.0,147.0,129.0,119.0,112.0,109.0,103.0,98.0
5300,0.9270000457763672,0.9230000376701355,0.9120000600814819,0.9140000343322754,0.8720000386238098,,,,,,,,,,,,,,,,1698.0,416.0,276.0,189.0,147.0,129.0,119.0,112.0,109.0,103.0,98.0
5400,0.9270000457763672,0.9220000505447388,0.909000039100647,0.9140000343322754,0.8840000629425049,,,,,,,,,,,,,,,,1698.0,416.0,276.0,189.0,147.0,129.0,119.0,112.0,109.0,103.0,98.0
5500,0.9270000457763672,0.9200000166893005,0.9080000519752502,0.9140000343322754,0.8840000629425049,,,,,,,,,,,,,,,,1698.0,416.0,276.0,189.0,147.0,129.0,119.0,112.0,109.0,103.0,98.0
5600,0.9270000457763672,0.9200000166893005,0.9080000519752502,0.9110000729560852,0.8870000243186951,,,,,,,,,,,,,,,,1698.0,416.0,276.0,189.0,147.0,129.0,119.0,112.0,109.0,103.0,98.0
5700,0.9270000457763672,0.9200000166893005,0.909000039100647,0.9110000729560852,0.89000004529953,,,,,,,,,,,,,,,,1698.0,416.0,276.0,189.0,147.0,129.0,119.0,112.0,109.0,103.0,98.0
5800,0.9260000586509705,0.9220000505447388,0.9100000262260437,0.9120000600814819,0.8950000405311584,,,,,,,,,,,,,,,,1698.0,416.0,276.0,189.0,147.0,129.0,119.0,112.0,109.0,103.0,98.0
5875,0.9270000457763672,0.9230000376701355,0.9100000262260437,0.9110000729560852,0.8970000147819519,0.07700000703334808,0.11000000685453415,0.09100000560283661,0.05000000074505806,0.14900000393390656,0.10100000351667404,0.07700000703334808,0.07800000160932541,0.09700000286102295,0.12400000542402267,0.0950000062584877,0.07600000500679016,0.07800000160932541,0.09800000488758087,0.06400000303983688,1857.0,481.0,310.0,207.0,157.0,137.0,125.0,117.0,114.0,107.0,102.0
5900,0.9280000329017639,0.921000063419342,0.9080000519752502,0.906000018119812,0.9000000357627869,0.4100000262260437,,,,,,,,,,,,,,,1857.0,481.0,310.0,207.0,157.0,137.0,125.0,117.0,114.0,107.0,102.0
6000,0.9230000376701355,0.921000063419342,0.906000018119812,0.9070000648498535,0.9020000696182251,0.7450000643730164,,,,,,,,,,,,,,,1857.0,481.0,310.0,207.0,157.0,137.0,125.0,117.0,114.0,107.0,102.0
6100,0.9190000295639038,0.921000063419342,0.9070000648498535,0.906000018119812,0.9020000696182251,0.8170000314712524,,,,,,,,,,,,,,,1857.0,481.0,310.0,207.0,157.0,137.0,125.0,117.0,114.0,107.0,102.0
6200,0.9190000295639038,0.9250000715255737,0.9040000438690186,0.9070000648498535,0.9030000567436218,0.8380000591278076,,,,,,,,,,,,,,,1857.0,481.0,310.0,207.0,157.0,137.0,125.0,117.0,114.0,107.0,102.0
6300,0.9190000295639038,0.9260000586509705,0.9040000438690186,0.9050000309944153,0.9030000567436218,0.8520000576972961,,,,,,,,,,,,,,,1857.0,481.0,310.0,207.0,157.0,137.0,125.0,117.0,114.0,107.0,102.0
6400,0.9170000553131104,0.9260000586509705,0.9020000696182251,0.9040000438690186,0.9040000438690186,0.8630000352859497,,,,,,,,,,,,,,,1857.0,481.0,310.0,207.0,157.0,137.0,125.0,117.0,114.0,107.0,102.0
6500,0.9160000681877136,0.9250000715255737,0.9000000357627869,0.9040000438690186,0.9040000438690186,0.8740000128746033,,,,,,,,,,,,,,,1857.0,481.0,310.0,207.0,157.0,137.0,125.0,117.0,114.0,107.0,102.0
6600,0.9140000343322754,0.9250000715255737,0.9000000357627869,0.9050000309944153,0.9030000567436218,0.8760000467300415,,,,,,,,,,,,,,,1857.0,481.0,310.0,207.0,157.0,137.0,125.0,117.0,114.0,107.0,102.0
6700,0.9140000343322754,0.9260000586509705,0.8990000486373901,0.9050000309944153,0.9020000696182251,0.8840000629425049,,,,,,,,,,,,,,,1857.0,481.0,310.0,207.0,157.0,137.0,125.0,117.0,114.0,107.0,102.0
6800,0.9150000214576721,0.9240000247955322,0.9000000357627869,0.9040000438690186,0.9010000228881836,0.8880000710487366,,,,,,,,,,,,,,,1857.0,481.0,310.0,207.0,157.0,137.0,125.0,117.0,114.0,107.0,102.0
6900,0.9150000214576721,0.9240000247955322,0.8990000486373901,0.9040000438690186,0.9020000696182251,0.8870000243186951,,,,,,,,,,,,,,,1857.0,481.0,310.0,207.0,157.0,137.0,125.0,117.0,114.0,107.0,102.0
7000,0.9150000214576721,0.9240000247955322,0.8990000486373901,0.9040000438690186,0.9010000228881836,0.8950000405311584,,,,,,,,,,,,,,,1857.0,481.0,310.0,207.0,157.0,137.0,125.0,117.0,114.0,107.0,102.0
7050,0.9150000214576721,0.9240000247955322,0.8990000486373901,0.9010000228881836,0.9000000357627869,0.9010000228881836,0.1340000033378601,0.0860000029206276,0.05300000309944153,0.1300000101327896,0.10000000149011612,0.08100000023841858,0.11300000548362732,0.12700000405311584,0.14600001275539398,0.0820000022649765,0.0990000069141388,0.07200000435113907,0.0950000062584877,0.07100000232458115,1986.0,534.0,337.0,220.0,165.0,144.0,130.0,121.0,118.0,111.0,106.0
7100,0.9130000472068787,0.9220000505447388,0.9020000696182251,0.8970000147819519,0.8980000615119934,0.8950000405311584,0.5879999995231628,,,,,,,,,,,,,,1986.0,534.0,337.0,220.0,165.0,144.0,130.0,121.0,118.0,111.0,106.0
7200,0.9160000681877136,0.9200000166893005,0.9000000357627869,0.9020000696182251,0.8960000276565552,0.8890000581741333,0.7630000114440918,,,,,,,,,,,,,,1986.0,534.0,337.0,220.0,165.0,144.0,130.0,121.0,118.0,111.0,106.0
7300,0.9150000214576721,0.9220000505447388,0.9010000228881836,0.9010000228881836,0.893000066280365,0.8880000710487366,0.8060000538825989,,,,,,,,,,,,,,1986.0,534.0,337.0,220.0,165.0,144.0,130.0,121.0,118.0,111.0,106.0
7400,0.9150000214576721,0.921000063419342,0.9010000228881836,0.9000000357627869,0.89000004529953,0.8890000581741333,0.8350000381469727,,,,,,,,,,,,,,1986.0,534.0,337.0,220.0,165.0,144.0,130.0,121.0,118.0,111.0,106.0
7500,0.9160000681877136,0.9160000681877136,0.9010000228881836,0.8990000486373901,0.8890000581741333,0.8910000324249268,0.8470000624656677,,,,,,,,,,,,,,1986.0,534.0,337.0,220.0,165.0,144.0,130.0,121.0,118.0,111.0,106.0
7600,0.9160000681877136,0.9180000424385071,0.9010000228881836,0.8990000486373901,0.8880000710487366,0.8910000324249268,0.8610000610351562,,,,,,,,,,,,,,1986.0,534.0,337.0,220.0,165.0,144.0,130.0,121.0,118.0,111.0,106.0
7700,0.9160000681877136,0.9190000295639038,0.8980000615119934,0.9000000357627869,0.8870000243186951,0.89000004529953,0.8680000305175781,,,,,,,,,,,,,,1986.0,534.0,337.0,220.0,165.0,144.0,130.0,121.0,118.0,111.0,106.0
7800,0.9150000214576721,0.9180000424385071,0.8990000486373901,0.8980000615119934,0.8860000371932983,0.8890000581741333,0.8770000338554382,,,,,,,,,,,,,,1986.0,534.0,337.0,220.0,165.0,144.0,130.0,121.0,118.0,111.0,106.0
7900,0.9140000343322754,0.9180000424385071,0.8990000486373901,0.8990000486373901,0.8860000371932983,0.89000004529953,0.8790000677108765,,,,,,,,,,,,,,1986.0,534.0,337.0,220.0,165.0,144.0,130.0,121.0,118.0,111.0,106.0
8000,0.9150000214576721,0.9180000424385071,0.8990000486373901,0.8990000486373901,0.8880000710487366,0.8880000710487366,0.8890000581741333,,,,,,,,,,,,,,1986.0,534.0,337.0,220.0,165.0,144.0,130.0,121.0,118.0,111.0,106.0
8100,0.9160000681877136,0.9180000424385071,0.9000000357627869,0.8990000486373901,0.8870000243186951,0.8860000371932983,0.893000066280365,,,,,,,,,,,,,,1986.0,534.0,337.0,220.0,165.0,144.0,130.0,121.0,118.0,111.0,106.0
8200,0.9150000214576721,0.9180000424385071,0.9000000357627869,0.8980000615119934,0.8860000371932983,0.8880000710487366,0.9000000357627869,,,,,,,,,,,,,,1986.0,534.0,337.0,220.0,165.0,144.0,130.0,121.0,118.0,111.0,106.0
8225,0.9150000214576721,0.9180000424385071,0.9000000357627869,0.8980000615119934,0.8860000371932983,0.8880000710487366,0.8980000615119934,0.13700000941753387,0.058000002056360245,0.11600000411272049,0.06000000238418579,0.07000000029802322,0.13199999928474426,0.12300000339746475,0.13199999928474426,0.09400000423192978,0.09800000488758087,0.08400000631809235,0.13300000131130219,0.08000000566244125,2094.0,575.0,360.0,233.0,173.0,150.0,135.0,125.0,121.0,114.0,108.0
8300,0.9150000214576721,0.921000063419342,0.8950000405311584,0.8860000371932983,0.8830000162124634,0.8830000162124634,0.8940000534057617,0.6130000352859497,,,,,,,,,,,,,2094.0,575.0,360.0,233.0,173.0,150.0,135.0,125.0,121.0,114.0,108.0
8400,0.9150000214576721,0.9200000166893005,0.8940000534057617,0.8840000629425049,0.8870000243186951,0.8810000419616699,0.89000004529953,0.7350000143051147,,,,,,,,,,,,,2094.0,575.0,360.0,233.0,173.0,150.0,135.0,125.0,121.0,114.0,108.0
8500,0.9170000553131104,0.9190000295639038,0.893000066280365,0.8830000162124634,0.8870000243186951,0.8760000467300415,0.8850000500679016,0.7850000262260437,,,,,,,,,,,,,2094.0,575.0,360.0,233.0,173.0,150.0,135.0,125.0,121.0,114.0,108.0
8600,0.9180000424385071,0.9200000166893005,0.8920000195503235,0.8820000290870667,0.8880000710487366,0.8760000467300415,0.8840000629425049,0.8210000395774841,,,,,,,,,,,,,2094.0,575.0,360.0,233.0,173.0,150.0,135.0,125.0,121.0,114.0,108.0
8700,0.9160000681877136,0.9200000166893005,0.8910000324249268,0.8820000290870667,0.8870000243186951,0.8770000338554382,0.8850000500679016,0.8400000333786011,,,,,,,,,,,,,2094.0,575.0,360.0,233.0,173.0,150.0,135.0,125.0,121.0,114.0,108.0
8800,0.9150000214576721,0.9200000166893005,0.89000004529953,0.8800000548362732,0.8880000710487366,0.8760000467300415,0.8850000500679016,0.8490000367164612,,,,,,,,,,,,,2094.0,575.0,360.0,233.0,173.0,150.0,135.0,125.0,121.0,114.0,108.0
8900,0.9150000214576721,0.9190000295639038,0.8890000581741333,0.8800000548362732,0.8870000243186951,0.8760000467300415,0.8850000500679016,0.8640000224113464,,,,,,,,,,,,,2094.0,575.0,360.0,233.0,173.0,150.0,135.0,125.0,121.0,114.0,108.0
9000,0.9150000214576721,0.9170000553131104,0.8880000710487366,0.8800000548362732,0.8870000243186951,0.8770000338554382,0.8830000162124634,0.8730000257492065,,,,,,,,,,,,,2094.0,575.0,360.0,233.0,173.0,150.0,135.0,125.0,121.0,114.0,108.0
9100,0.9140000343322754,0.9200000166893005,0.89000004529953,0.8790000677108765,0.8860000371932983,0.8790000677108765,0.8820000290870667,0.8710000514984131,,,,,,,,,,,,,2094.0,575.0,360.0,233.0,173.0,150.0,135.0,125.0,121.0,114.0,108.0
9200,0.9140000343322754,0.9190000295639038,0.89000004529953,0.878000020980835,0.8860000371932983,0.8790000677108765,0.8830000162124634,0.8800000548362732,,,,,,,,,,,,,2094.0,575.0,360.0,233.0,173.0,150.0,135.0,125.0,121.0,114.0,108.0
9300,0.9140000343322754,0.9190000295639038,0.89000004529953,0.8770000338554382,0.8850000500679016,0.8790000677108765,0.8800000548362732,0.8820000290870667,,,,,,,,,,,,,2094.0,575.0,360.0,233.0,173.0,150.0,135.0,125.0,121.0,114.0,108.0
9400,0.9140000343322754,0.9200000166893005,0.8890000581741333,0.8770000338554382,0.8840000629425049,0.8800000548362732,0.8810000419616699,0.8850000500679016,0.049000002443790436,0.10200000554323196,0.0950000062584877,0.07900000363588333,0.125,0.11100000888109207,0.12000000476837158,0.10100000351667404,0.09400000423192978,0.04700000211596489,0.12600000202655792,0.09600000083446503,2193.0,612.0,380.0,244.0,180.0,156.0,139.0,129.0,125.0,117.0,111.0
9400,0.9140000343322754,0.9200000166893005,0.8890000581741333,0.878000020980835,0.8840000629425049,0.8790000677108765,0.8790000677108765,0.8840000629425049,0.055000003427267075,,,,,,,,,,,,2193.0,612.0,380.0,244.0,180.0,156.0,139.0,129.0,125.0,117.0,111.0
9500,0.9120000600814819,0.9200000166893005,0.8880000710487366,0.8820000290870667,0.8770000338554382,0.8700000643730164,0.8700000643730164,0.8890000581741333,0.5770000219345093,,,,,,,,,,,,2193.0,612.0,380.0,244.0,180.0,156.0,139.0,129.0,125.0,117.0,111.0
9600,0.9130000472068787,0.9190000295639038,0.8820000290870667,0.8770000338554382,0.8720000386238098,0.8670000433921814,0.8640000224113464,0.8820000290870667,0.7050000429153442,,,,,,,,,,,,2193.0,612.0,380.0,244.0,180.0,156.0,139.0,129.0,125.0,117.0,111.0
9700,0.9150000214576721,0.9170000553131104,0.8810000419616699,0.8720000386238098,0.8670000433921814,0.8650000691413879,0.8650000691413879,0.878000020980835,0.7630000114440918,,,,,,,,,,,,2193.0,612.0,380.0,244.0,180.0,156.0,139.0,129.0,125.0,117.0,111.0
9800,0.9140000343322754,0.9180000424385071,0.8770000338554382,0.8700000643730164,0.862000048160553,0.8630000352859497,0.862000048160553,0.8770000338554382,0.7940000295639038,,,,,,,,,,,,2193.0,612.0,380.0,244.0,180.0,156.0,139.0,129.0,125.0,117.0,111.0
9900,0.9160000681877136,0.9180000424385071,0.8790000677108765,0.8690000176429749,0.8600000143051147,0.862000048160553,0.8600000143051147,0.8770000338554382,0.8190000653266907,,,,,,,,,,,,2193.0,612.0,380.0,244.0,180.0,156.0,139.0,129.0,125.0,117.0,111.0
10000,0.9160000681877136,0.9180000424385071,0.8740000128746033,0.8670000433921814,0.8580000400543213,0.862000048160553,0.8570000529289246,0.8760000467300415,0.8290000557899475,,,,,,,,,,,,2193.0,612.0,380.0,244.0,180.0,156.0,139.0,129.0,125.0,117.0,111.0
10100,0.9180000424385071,0.9170000553131104,0.8730000257492065,0.8680000305175781,0.8580000400543213,0.862000048160553,0.8540000319480896,0.8760000467300415,0.8460000157356262,,,,,,,,,,,,2193.0,612.0,380.0,244.0,180.0,156.0,139.0,129.0,125.0,117.0,111.0
10200,0.9170000553131104,0.9170000553131104,0.8770000338554382,0.8680000305175781,0.8570000529289246,0.8600000143051147,0.8540000319480896,0.8730000257492065,0.8540000319480896,,,,,,,,,,,,2193.0,612.0,380.0,244.0,180.0,156.0,139.0,129.0,125.0,117.0,111.0
10300,0.9170000553131104,0.9160000681877136,0.8770000338554382,0.8680000305175781,0.8560000658035278,0.859000027179718,0.8530000448226929,0.8710000514984131,0.8510000109672546,,,,,,,,,,,,2193.0,612.0,380.0,244.0,180.0,156.0,139.0,129.0,125.0,117.0,111.0
10400,0.9170000553131104,0.9130000472068787,0.8770000338554382,0.8700000643730164,0.8560000658035278,0.859000027179718,0.8520000576972961,0.8710000514984131,0.8560000658035278,,,,,,,,,,,,2193.0,612.0,380.0,244.0,180.0,156.0,139.0,129.0,125.0,117.0,111.0
10500,0.9150000214576721,0.9120000600814819,0.8770000338554382,0.8680000305175781,0.8560000658035278,0.859000027179718,0.8510000109672546,0.8700000643730164,0.8630000352859497,,,,,,,,,,,,2193.0,612.0,380.0,244.0,180.0,156.0,139.0,129.0,125.0,117.0,111.0
10575,0.9160000681877136,0.9110000729560852,0.8750000596046448,0.8670000433921814,0.8540000319480896,0.859000027179718,0.8510000109672546,0.8690000176429749,0.8670000433921814,0.10200000554323196,0.0860000029206276,0.07700000703334808,0.10400000214576721,0.09300000220537186,0.11700000613927841,0.08300000429153442,0.11100000888109207,0.06800000369548798,0.12700000405311584,0.10100000351667404,2266.0,639.0,395.0,251.0,185.0,160.0,142.0,132.0,128.0,120.0,114.0
10600,0.9150000214576721,0.9160000681877136,0.8760000467300415,0.8680000305175781,0.8600000143051147,0.859000027179718,0.8480000495910645,0.8690000176429749,0.8660000562667847,0.29100000858306885,,,,,,,,,,,2266.0,639.0,395.0,251.0,185.0,160.0,142.0,132.0,128.0,120.0,114.0
10700,0.9110000729560852,0.9160000681877136,0.8740000128746033,0.8640000224113464,0.8570000529289246,0.8520000576972961,0.843000054359436,0.8640000224113464,0.8650000691413879,0.6330000162124634,,,,,,,,,,,2266.0,639.0,395.0,251.0,185.0,160.0,142.0,132.0,128.0,120.0,114.0
10800,0.9080000519752502,0.9160000681877136,0.8720000386238098,0.8600000143051147,0.8520000576972961,0.8560000658035278,0.8450000286102295,0.8630000352859497,0.8570000529289246,0.7380000352859497,,,,,,,,,,,2266.0,639.0,395.0,251.0,185.0,160.0,142.0,132.0,128.0,120.0,114.0
10900,0.9080000519752502,0.9150000214576721,0.8710000514984131,0.8570000529289246,0.8490000367164612,0.8500000238418579,0.843000054359436,0.8570000529289246,0.8550000190734863,0.7780000567436218,,,,,,,,,,,2266.0,639.0,395.0,251.0,185.0,160.0,142.0,132.0,128.0,120.0,114.0
11000,0.909000039100647,0.9190000295639038,0.8740000128746033,0.8600000143051147,0.8520000576972961,0.8480000495910645,0.843000054359436,0.8560000658035278,0.8540000319480896,0.8070000410079956,,,,,,,,,,,2266.0,639.0,395.0,251.0,185.0,160.0,142.0,132.0,128.0,120.0,114.0
11100,0.9100000262260437,0.9160000681877136,0.8730000257492065,0.859000027179718,0.8490000367164612,0.8460000157356262,0.8460000157356262,0.8540000319480896,0.8520000576972961,0.8340000510215759,,,,,,,,,,,2266.0,639.0,395.0,251.0,185.0,160.0,142.0,132.0,128.0,120.0,114.0
11200,0.909000039100647,0.9170000553131104,0.8720000386238098,0.859000027179718,0.8500000238418579,0.8420000672340393,0.8450000286102295,0.8510000109672546,0.8530000448226929,0.843000054359436,,,,,,,,,,,2266.0,639.0,395.0,251.0,185.0,160.0,142.0,132.0,128.0,120.0,114.0
11300,0.909000039100647,0.9150000214576721,0.8710000514984131,0.859000027179718,0.8490000367164612,0.8450000286102295,0.8420000672340393,0.8470000624656677,0.8520000576972961,0.8520000576972961,,,,,,,,,,,2266.0,639.0,395.0,251.0,185.0,160.0,142.0,132.0,128.0,120.0,114.0
11400,0.909000039100647,0.9140000343322754,0.8710000514984131,0.8580000400543213,0.8500000238418579,0.843000054359436,0.8420000672340393,0.8460000157356262,0.8530000448226929,0.862000048160553,,,,,,,,,,,2266.0,639.0,395.0,251.0,185.0,160.0,142.0,132.0,128.0,120.0,114.0
11500,0.909000039100647,0.9130000472068787,0.8710000514984131,0.8580000400543213,0.8500000238418579,0.843000054359436,0.843000054359436,0.843000054359436,0.8500000238418579,0.8690000176429749,,,,,,,,,,,2266.0,639.0,395.0,251.0,185.0,160.0,142.0,132.0,128.0,120.0,114.0
11600,0.9080000519752502,0.9120000600814819,0.8710000514984131,0.859000027179718,0.8510000109672546,0.8440000414848328,0.8410000205039978,0.8420000672340393,0.8500000238418579,0.8760000467300415,,,,,,,,,,,2266.0,639.0,395.0,251.0,185.0,160.0,142.0,132.0,128.0,120.0,114.0
11700,0.9070000648498535,0.9130000472068787,0.8700000643730164,0.8560000658035278,0.8470000624656677,0.8450000286102295,0.843000054359436,0.843000054359436,0.8500000238418579,0.8760000467300415,,,,,,,,,,,2266.0,639.0,395.0,251.0,185.0,160.0,142.0,132.0,128.0,120.0,114.0
11750,0.9070000648498535,0.9130000472068787,0.8710000514984131,0.8560000658035278,0.8470000624656677,0.8460000157356262,0.8420000672340393,0.843000054359436,0.8500000238418579,0.878000020980835,0.08700000494718552,0.07100000232458115,0.11700000613927841,0.12600000202655792,0.09600000083446503,0.07000000029802322,0.0990000069141388,0.06800000369548798,0.11000000685453415,0.11500000208616257,2335.0,661.0,409.0,259.0,190.0,164.0,146.0,135.0,131.0,123.0,117.0
11800,0.9070000648498535,0.9110000729560852,0.8700000643730164,0.8550000190734863,0.843000054359436,0.843000054359436,0.8440000414848328,0.8400000333786011,0.8440000414848328,0.8710000514984131,0.4100000262260437,,,,,,,,,,2335.0,661.0,409.0,259.0,190.0,164.0,146.0,135.0,131.0,123.0,117.0
11900,0.906000018119812,0.909000039100647,0.8660000562667847,0.8540000319480896,0.8460000157356262,0.8330000638961792,0.8380000591278076,0.8380000591278076,0.8370000123977661,0.8660000562667847,0.6620000600814819,,,,,,,,,,2335.0,661.0,409.0,259.0,190.0,164.0,146.0,135.0,131.0,123.0,117.0
12000,0.9070000648498535,0.9070000648498535,0.8640000224113464,0.8530000448226929,0.843000054359436,0.8330000638961792,0.8360000252723694,0.8370000123977661,0.8360000252723694,0.8660000562667847,0.7270000576972961,,,,,,,,,,2335.0,661.0,409.0,259.0,190.0,164.0,146.0,135.0,131.0,123.0,117.0
12100,0.9030000567436218,0.906000018119812,0.8600000143051147,0.8520000576972961,0.8440000414848328,0.8300000429153442,0.8360000252723694,0.8320000171661377,0.8340000510215759,0.8640000224113464,0.76500004529953,,,,,,,,,,2335.0,661.0,409.0,259.0,190.0,164.0,146.0,135.0,131.0,123.0,117.0
12200,0.9010000228881836,0.906000018119812,0.8570000529289246,0.8530000448226929,0.8380000591278076,0.831000030040741,0.8320000171661377,0.831000030040741,0.8280000686645508,0.8630000352859497,0.7870000600814819,,,,,,,,,,2335.0,661.0,409.0,259.0,190.0,164.0,146.0,135.0,131.0,123.0,117.0
12300,0.9020000696182251,0.9040000438690186,0.8570000529289246,0.8510000109672546,0.8350000381469727,0.8280000686645508,0.8290000557899475,0.8280000686645508,0.8290000557899475,0.8600000143051147,0.8040000200271606,,,,,,,,,,2335.0,661.0,409.0,259.0,190.0,164.0,146.0,135.0,131.0,123.0,117.0
12400,0.9010000228881836,0.9030000567436218,0.8520000576972961,0.8530000448226929,0.8360000252723694,0.8290000557899475,0.8290000557899475,0.8270000219345093,0.8270000219345093,0.8600000143051147,0.8140000104904175,,,,,,,,,,2335.0,661.0,409.0,259.0,190.0,164.0,146.0,135.0,131.0,123.0,117.0
12500,0.9000000357627869,0.9020000696182251,0.8530000448226929,0.8530000448226929,0.8350000381469727,0.8270000219345093,0.8270000219345093,0.8260000348091125,0.8250000476837158,0.8570000529289246,0.8250000476837158,,,,,,,,,,2335.0,661.0,409.0,259.0,190.0,164.0,146.0,135.0,131.0,123.0,117.0
12600,0.9000000357627869,0.9010000228881836,0.8550000190734863,0.8520000576972961,0.831000030040741,0.8250000476837158,0.8260000348091125,0.8260000348091125,0.8220000267028809,0.8570000529289246,0.8370000123977661,,,,,,,,,,2335.0,661.0,409.0,259.0,190.0,164.0,146.0,135.0,131.0,123.0,117.0
12700,0.9000000357627869,0.9000000357627869,0.8530000448226929,0.8510000109672546,0.8300000429153442,0.8260000348091125,0.8260000348091125,0.8270000219345093,0.8210000395774841,0.8560000658035278,0.843000054359436,,,,,,,,,,2335.0,661.0,409.0,259.0,190.0,164.0,146.0,135.0,131.0,123.0,117.0
12800,0.9020000696182251,0.9000000357627869,0.8520000576972961,0.8510000109672546,0.8260000348091125,0.8280000686645508,0.8260000348091125,0.8240000605583191,0.8200000524520874,0.8560000658035278,0.8520000576972961,,,,,,,,,,2335.0,661.0,409.0,259.0,190.0,164.0,146.0,135.0,131.0,123.0,117.0
12900,0.9030000567436218,0.9000000357627869,0.8520000576972961,0.8500000238418579,0.8270000219345093,0.8270000219345093,0.8290000557899475,0.8230000138282776,0.8200000524520874,0.8570000529289246,0.8560000658035278,,,,,,,,,,2335.0,661.0,409.0,259.0,190.0,164.0,146.0,135.0,131.0,123.0,117.0
12925,0.9020000696182251,0.8990000486373901,0.8520000576972961,0.8500000238418579,0.8270000219345093,0.8270000219345093,0.8280000686645508,0.8230000138282776,0.8210000395774841,0.8580000400543213,0.8600000143051147,0.10700000822544098,0.1080000028014183,0.11600000411272049,0.1300000101327896,0.0690000057220459,0.1080000028014183,0.06300000101327896,0.11100000888109207,0.11700000613927841,2387.0,679.0,422.0,265.0,194.0,167.0,148.0,137.0,133.0,124.0,118.0
13000,0.9020000696182251,0.8980000615119934,0.8480000495910645,0.8440000414848328,0.8240000605583191,0.8260000348091125,0.8220000267028809,0.8210000395774841,0.8160000443458557,0.8500000238418579,0.8570000529289246,0.4610000252723694,,,,,,,,,2387.0,679.0,422.0,265.0,194.0,167.0,148.0,137.0,133.0,124.0,118.0
13100,0.9020000696182251,0.8970000147819519,0.8420000672340393,0.8390000462532043,0.8220000267028809,0.8260000348091125,0.8160000443458557,0.8190000653266907,0.8100000619888306,0.8490000367164612,0.8530000448226929,0.6260000467300415,,,,,,,,,2387.0,679.0,422.0,265.0,194.0,167.0,148.0,137.0,133.0,124.0,118.0
13200,0.9020000696182251,0.8970000147819519,0.8410000205039978,0.8370000123977661,0.8180000185966492,0.8250000476837158,0.8100000619888306,0.8170000314712524,0.8090000152587891,0.8440000414848328,0.8540000319480896,0.6940000057220459,,,,,,,,,2387.0,679.0,422.0,265.0,194.0,167.0,148.0,137.0,133.0,124.0,118.0
13300,0.9010000228881836,0.893000066280365,0.8420000672340393,0.8370000123977661,0.8140000104904175,0.8240000605583191,0.8100000619888306,0.8200000524520874,0.8060000538825989,0.8450000286102295,0.8530000448226929,0.7420000433921814,,,,,,,,,2387.0,679.0,422.0,265.0,194.0,167.0,148.0,137.0,133.0,124.0,118.0
13400,0.9010000228881836,0.8920000195503235,0.8400000333786011,0.8340000510215759,0.8080000281333923,0.8180000185966492,0.8090000152587891,0.8220000267028809,0.8050000667572021,0.8400000333786011,0.8500000238418579,0.7710000276565552,,,,,,,,,2387.0,679.0,422.0,265.0,194.0,167.0,148.0,137.0,133.0,124.0,118.0
13500,0.9010000228881836,0.89000004529953,0.8360000252723694,0.831000030040741,0.8110000491142273,0.815000057220459,0.8080000281333923,0.8200000524520874,0.8050000667572021,0.8380000591278076,0.8480000495910645,0.7910000085830688,,,,,,,,,2387.0,679.0,422.0,265.0,194.0,167.0,148.0,137.0,133.0,124.0,118.0
13600,0.9010000228881836,0.8910000324249268,0.8360000252723694,0.8280000686645508,0.8080000281333923,0.8110000491142273,0.8040000200271606,0.8190000653266907,0.8050000667572021,0.8380000591278076,0.8440000414848328,0.8070000410079956,,,,,,,,,2387.0,679.0,422.0,265.0,194.0,167.0,148.0,137.0,133.0,124.0,118.0
13700,0.9010000228881836,0.8890000581741333,0.8350000381469727,0.8280000686645508,0.8070000410079956,0.812000036239624,0.8010000586509705,0.8130000233650208,0.8060000538825989,0.8400000333786011,0.843000054359436,0.8170000314712524,,,,,,,,,2387.0,679.0,422.0,265.0,194.0,167.0,148.0,137.0,133.0,124.0,118.0
13800,0.9010000228881836,0.89000004529953,0.8340000510215759,0.8280000686645508,0.8020000457763672,0.8100000619888306,0.800000011920929,0.8130000233650208,0.8050000667572021,0.8390000462532043,0.8450000286102295,0.8250000476837158,,,,,,,,,2387.0,679.0,422.0,265.0,194.0,167.0,148.0,137.0,133.0,124.0,118.0
13900,0.9010000228881836,0.8890000581741333,0.8350000381469727,0.8250000476837158,0.8010000586509705,0.812000036239624,0.7990000247955322,0.812000036239624,0.8070000410079956,0.8400000333786011,0.8450000286102295,0.8350000381469727,,,,,,,,,2387.0,679.0,422.0,265.0,194.0,167.0,148.0,137.0,133.0,124.0,118.0
14000,0.9010000228881836,0.8850000500679016,0.8330000638961792,0.8240000605583191,0.8020000457763672,0.8080000281333923,0.7990000247955322,0.812000036239624,0.8070000410079956,0.8410000205039978,0.8450000286102295,0.8490000367164612,,,,,,,,,2387.0,679.0,422.0,265.0,194.0,167.0,148.0,137.0,133.0,124.0,118.0
14100,0.9010000228881836,0.8850000500679016,0.8330000638961792,0.8230000138282776,0.800000011920929,0.8070000410079956,0.7990000247955322,0.8100000619888306,0.8060000538825989,0.843000054359436,0.843000054359436,0.8550000190734863,0.10700000822544098,0.14800000190734863,0.10100000351667404,0.07600000500679016,0.09600000083446503,0.08300000429153442,0.10300000756978989,0.11400000751018524,2432.0,693.0,433.0,271.0,197.0,169.0,150.0,139.0,135.0,126.0,119.0
14100,0.9010000228881836,0.8850000500679016,0.8320000171661377,0.8230000138282776,0.800000011920929,0.8080000281333923,0.7980000376701355,0.8100000619888306,0.8050000667572021,0.8420000672340393,0.8420000672340393,0.8550000190734863,0.1080000028014183,,,,,,,,2432.0,693.0,433.0,271.0,197.0,169.0,150.0,139.0,135.0,126.0,119.0
14200,0.9020000696182251,0.8810000419616699,0.831000030040741,0.8210000395774841,0.8040000200271606,0.8100000619888306,0.7970000505447388,0.8100000619888306,0.8020000457763672,0.8410000205039978,0.8350000381469727,0.8540000319480896,0.5170000195503235,,,,,,,,2432.0,693.0,433.0,271.0,197.0,169.0,150.0,139.0,135.0,126.0,119.0
14300,0.8940000534057617,0.8770000338554382,0.8290000557899475,0.8210000395774841,0.8020000457763672,0.8040000200271606,0.7930000424385071,0.8050000667572021,0.800000011920929,0.8360000252723694,0.8320000171661377,0.8490000367164612,0.6530000567436218,,,,,,,,2432.0,693.0,433.0,271.0,197.0,169.0,150.0,139.0,135.0,126.0,119.0
14400,0.893000066280365,0.8740000128746033,0.8270000219345093,0.8190000653266907,0.8030000329017639,0.796000063419342,0.7900000214576721,0.8030000329017639,0.8030000329017639,0.831000030040741,0.8290000557899475,0.8530000448226929,0.7220000624656677,,,,,,,,2432.0,693.0,433.0,271.0,197.0,169.0,150.0,139.0,135.0,126.0,119.0
14500,0.8960000276565552,0.8720000386238098,0.8230000138282776,0.8210000395774841,0.8020000457763672,0.7950000166893005,0.7880000472068787,0.8030000329017639,0.8040000200271606,0.8290000557899475,0.8250000476837158,0.8500000238418579,0.7670000195503235,,,,,,,,2432.0,693.0,433.0,271.0,197.0,169.0,150.0,139.0,135.0,126.0,119.0
14600,0.8940000534057617,0.8730000257492065,0.8220000267028809,0.8190000653266907,0.8020000457763672,0.796000063419342,0.7830000519752502,0.8010000586509705,0.8040000200271606,0.8280000686645508,0.8230000138282776,0.8490000367164612,0.7940000295639038,,,,,,,,2432.0,693.0,433.0,271.0,197.0,169.0,150.0,139.0,135.0,126.0,119.0
14700,0.893000066280365,0.8720000386238098,0.8200000524520874,0.8180000185966492,0.8020000457763672,0.7930000424385071,0.7820000648498535,0.8010000586509705,0.8010000586509705,0.8230000138282776,0.8170000314712524,0.8460000157356262,0.8140000104904175,,,,,,,,2432.0,693.0,433.0,271.0,197.0,169.0,150.0,139.0,135.0,126.0,119.0
14800,0.8920000195503235,0.8710000514984131,0.8210000395774841,0.8160000443458557,0.800000011920929,0.7930000424385071,0.7830000519752502,0.800000011920929,0.7990000247955322,0.8190000653266907,0.8160000443458557,0.8450000286102295,0.8220000267028809,,,,,,,,2432.0,693.0,433.0,271.0,197.0,169.0,150.0,139.0,135.0,126.0,119.0
14900,0.89000004529953,0.8720000386238098,0.8210000395774841,0.8190000653266907,0.8010000586509705,0.7910000085830688,0.7820000648498535,0.7990000247955322,0.7990000247955322,0.8180000185966492,0.815000057220459,0.8440000414848328,0.8330000638961792,,,,,,,,2432.0,693.0,433.0,271.0,197.0,169.0,150.0,139.0,135.0,126.0,119.0
15000,0.89000004529953,0.8710000514984131,0.8200000524520874,0.8180000185966492,0.7970000505447388,0.7920000553131104,0.7820000648498535,0.7950000166893005,0.800000011920929,0.8200000524520874,0.812000036239624,0.8450000286102295,0.8370000123977661,,,,,,,,2432.0,693.0,433.0,271.0,197.0,169.0,150.0,139.0,135.0,126.0,119.0
15100,0.8850000500679016,0.8720000386238098,0.8190000653266907,0.8170000314712524,0.7930000424385071,0.7930000424385071,0.7820000648498535,0.796000063419342,0.8030000329017639,0.8200000524520874,0.8090000152587891,0.8420000672340393,0.8410000205039978,,,,,,,,2432.0,693.0,433.0,271.0,197.0,169.0,150.0,139.0,135.0,126.0,119.0
15200,0.8850000500679016,0.8730000257492065,0.8180000185966492,0.8160000443458557,0.7920000553131104,0.7920000553131104,0.781000018119812,0.7950000166893005,0.8010000586509705,0.8200000524520874,0.8070000410079956,0.843000054359436,0.8460000157356262,,,,,,,,2432.0,693.0,433.0,271.0,197.0,169.0,150.0,139.0,135.0,126.0,119.0
15275,0.8840000629425049,0.8730000257492065,0.8190000653266907,0.8160000443458557,0.7920000553131104,0.7920000553131104,0.7800000309944153,0.7900000214576721,0.8010000586509705,0.8170000314712524,0.8050000667572021,0.8420000672340393,0.8540000319480896,0.11700000613927841,0.1080000028014183,0.09000000357627869,0.09000000357627869,0.08400000631809235,0.10400000214576721,0.11100000888109207,2471.0,704.0,442.0,276.0,200.0,172.0,152.0,141.0,137.0,127.0,120.0
15300,0.8860000371932983,0.8710000514984131,0.8130000233650208,0.8220000267028809,0.7880000472068787,0.7890000343322754,0.781000018119812,0.7850000262260437,0.7970000505447388,0.8190000653266907,0.8070000410079956,0.8380000591278076,0.8460000157356262,0.328000009059906,,,,,,,2471.0,704.0,442.0,276.0,200.0,172.0,152.0,141.0,137.0,127.0,120.0
15400,0.8860000371932983,0.8710000514984131,0.8110000491142273,0.831000030040741,0.7900000214576721,0.7880000472068787,0.7710000276565552,0.7790000438690186,0.7830000519752502,0.812000036239624,0.7990000247955322,0.8270000219345093,0.8440000414848328,0.5980000495910645,,,,,,,2471.0,704.0,442.0,276.0,200.0,172.0,152.0,141.0,137.0,127.0,120.0
15500,0.8840000629425049,0.8700000643730164,0.8010000586509705,0.831000030040741,0.7860000133514404,0.7860000133514404,0.7740000486373901,0.7750000357627869,0.784000039100647,0.8080000281333923,0.7980000376701355,0.8190000653266907,0.8400000333786011,0.7020000219345093,,,,,,,2471.0,704.0,442.0,276.0,200.0,172.0,152.0,141.0,137.0,127.0,120.0
15600,0.8850000500679016,0.8720000386238098,0.8010000586509705,0.8240000605583191,0.7880000472068787,0.7800000309944153,0.7740000486373901,0.7770000100135803,0.7830000519752502,0.8010000586509705,0.796000063419342,0.8140000104904175,0.8390000462532043,0.7480000257492065,,,,,,,2471.0,704.0,442.0,276.0,200.0,172.0,152.0,141.0,137.0,127.0,120.0
15700,0.8850000500679016,0.8700000643730164,0.8020000457763672,0.8220000267028809,0.7850000262260437,0.7770000100135803,0.7740000486373901,0.7740000486373901,0.7870000600814819,0.800000011920929,0.7940000295639038,0.8130000233650208,0.8380000591278076,0.7730000615119934,,,,,,,2471.0,704.0,442.0,276.0,200.0,172.0,152.0,141.0,137.0,127.0,120.0
15800,0.8840000629425049,0.8730000257492065,0.800000011920929,0.8210000395774841,0.781000018119812,0.7750000357627869,0.7700000405311584,0.7680000066757202,0.784000039100647,0.7990000247955322,0.796000063419342,0.8100000619888306,0.8320000171661377,0.784000039100647,,,,,,,2471.0,704.0,442.0,276.0,200.0,172.0,152.0,141.0,137.0,127.0,120.0
15900,0.8840000629425049,0.8740000128746033,0.7980000376701355,0.8210000395774841,0.7780000567436218,0.7770000100135803,0.7710000276565552,0.76500004529953,0.7800000309944153,0.7900000214576721,0.7950000166893005,0.8070000410079956,0.8290000557899475,0.8040000200271606,,,,,,,2471.0,704.0,442.0,276.0,200.0,172.0,152.0,141.0,137.0,127.0,120.0
16000,0.8800000548362732,0.8720000386238098,0.796000063419342,0.8190000653266907,0.7800000309944153,0.7780000567436218,0.7710000276565552,0.7630000114440918,0.7770000100135803,0.7900000214576721,0.7930000424385071,0.8050000667572021,0.8250000476837158,0.8180000185966492,,,,,,,2471.0,704.0,442.0,276.0,200.0,172.0,152.0,141.0,137.0,127.0,120.0
16100,0.8810000419616699,0.8720000386238098,0.7970000505447388,0.8160000443458557,0.781000018119812,0.7780000567436218,0.7670000195503235,0.7630000114440918,0.7770000100135803,0.7900000214576721,0.7900000214576721,0.8020000457763672,0.8210000395774841,0.8280000686645508,,,,,,,2471.0,704.0,442.0,276.0,200.0,172.0,152.0,141.0,137.0,127.0,120.0
16200,0.8810000419616699,0.8730000257492065,0.7980000376701355,0.8180000185966492,0.7780000567436218,0.7780000567436218,0.7670000195503235,0.7630000114440918,0.7760000228881836,0.7890000343322754,0.7880000472068787,0.800000011920929,0.8190000653266907,0.8330000638961792,,,,,,,2471.0,704.0,442.0,276.0,200.0,172.0,152.0,141.0,137.0,127.0,120.0
16300,0.8820000290870667,0.8730000257492065,0.796000063419342,0.8180000185966492,0.7770000100135803,0.7760000228881836,0.7680000066757202,0.7630000114440918,0.7750000357627869,0.7870000600814819,0.7880000472068787,0.800000011920929,0.8180000185966492,0.843000054359436,,,,,,,2471.0,704.0,442.0,276.0,200.0,172.0,152.0,141.0,137.0,127.0,120.0
16400,0.8810000419616699,0.8710000514984131,0.7970000505447388,0.8190000653266907,0.7790000438690186,0.7740000486373901,0.7690000534057617,0.7630000114440918,0.7720000147819519,0.784000039100647,0.7850000262260437,0.7980000376701355,0.8140000104904175,0.8480000495910645,,,,,,,2471.0,704.0,442.0,276.0,200.0,172.0,152.0,141.0,137.0,127.0,120.0
16450,0.8820000290870667,0.8700000643730164,0.796000063419342,0.8190000653266907,0.7790000438690186,0.7750000357627869,0.7680000066757202,0.7610000371932983,0.7700000405311584,0.784000039100647,0.7850000262260437,0.7990000247955322,0.8140000104904175,0.8510000109672546,0.10000000149011612,0.09100000560283661,0.09000000357627869,0.10100000351667404,0.10700000822544098,0.1120000034570694,2505.0,712.0,450.0,281.0,203.0,174.0,154.0,143.0,139.0,128.0,121.0
16500,0.8790000677108765,0.8720000386238098,0.800000011920929,0.8180000185966492,0.7740000486373901,0.7780000567436218,0.7620000243186951,0.76500004529953,0.7720000147819519,0.7880000472068787,0.7910000085830688,0.7920000553131104,0.8210000395774841,0.8510000109672546,0.38100001215934753,,,,,,2505.0,712.0,450.0,281.0,203.0,174.0,154.0,143.0,139.0,128.0,121.0
16600,0.8810000419616699,0.8690000176429749,0.7980000376701355,0.8220000267028809,0.7710000276565552,0.7740000486373901,0.7600000500679016,0.7610000371932983,0.7730000615119934,0.7850000262260437,0.784000039100647,0.781000018119812,0.8170000314712524,0.8410000205039978,0.6000000238418579,,,,,,2505.0,712.0,450.0,281.0,203.0,174.0,154.0,143.0,139.0,128.0,121.0
16700,0.8790000677108765,0.8680000305175781,0.7950000166893005,0.8200000524520874,0.7670000195503235,0.7720000147819519,0.7560000419616699,0.7550000548362732,0.7710000276565552,0.784000039100647,0.7830000519752502,0.7790000438690186,0.8130000233650208,0.8420000672340393,0.6850000619888306,,,,,,2505.0,712.0,450.0,281.0,203.0,174.0,154.0,143.0,139.0,128.0,121.0
16800,0.878000020980835,0.8640000224113464,0.7950000166893005,0.8220000267028809,0.7660000324249268,0.7670000195503235,0.7500000596046448,0.7560000419616699,0.7680000066757202,0.7800000309944153,0.7790000438690186,0.7740000486373901,0.812000036239624,0.8390000462532043,0.7320000529289246,,,,,,2505.0,712.0,450.0,281.0,203.0,174.0,154.0,143.0,139.0,128.0,121.0
16900,0.878000020980835,0.862000048160553,0.7990000247955322,0.8220000267028809,0.7610000371932983,0.7640000581741333,0.7460000514984131,0.7490000128746033,0.7660000324249268,0.7790000438690186,0.7740000486373901,0.7710000276565552,0.8070000410079956,0.8400000333786011,0.7640000581741333,,,,,,2505.0,712.0,450.0,281.0,203.0,174.0,154.0,143.0,139.0,128.0,121.0
17000,0.8760000467300415,0.8580000400543213,0.7990000247955322,0.8220000267028809,0.7630000114440918,0.76500004529953,0.7470000386238098,0.7490000128746033,0.7670000195503235,0.7790000438690186,0.7710000276565552,0.7640000581741333,0.8050000667572021,0.8350000381469727,0.7870000600814819,,,,,,2505.0,712.0,450.0,281.0,203.0,174.0,154.0,143.0,139.0,128.0,121.0
17100,0.8740000128746033,0.8560000658035278,0.7980000376701355,0.8190000653266907,0.7600000500679016,0.7660000324249268,0.7440000176429749,0.7490000128746033,0.7610000371932983,0.7760000228881836,0.7690000534057617,0.7620000243186951,0.8060000538825989,0.8330000638961792,0.8020000457763672,,,,,,2505.0,712.0,450.0,281.0,203.0,174.0,154.0,143.0,139.0,128.0,121.0
17200,0.8760000467300415,0.8570000529289246,0.7990000247955322,0.8190000653266907,0.7640000581741333,0.76500004529953,0.7410000562667847,0.7500000596046448,0.7590000629425049,0.7740000486373901,0.76500004529953,0.7610000371932983,0.8060000538825989,0.8320000171661377,0.8210000395774841,,,,,,2505.0,712.0,450.0,281.0,203.0,174.0,154.0,143.0,139.0,128.0,121.0
17300,0.8760000467300415,0.8560000658035278,0.7950000166893005,0.8190000653266907,0.76500004529953,0.7690000534057617,0.7400000095367432,0.7470000386238098,0.7590000629425049,0.7720000147819519,0.7610000371932983,0.7590000629425049,0.8070000410079956,0.8330000638961792,0.8280000686645508,,,,,,2505.0,712.0,450.0,281.0,203.0,174.0,154.0,143.0,139.0,128.0,121.0
17400,0.8750000596046448,0.8560000658035278,0.7950000166893005,0.8170000314712524,0.76500004529953,0.7670000195503235,0.7430000305175781,0.7450000643730164,0.7580000162124634,0.7730000615119934,0.7580000162124634,0.7560000419616699,0.8070000410079956,0.8320000171661377,0.8390000462532043,,,,,,2505.0,712.0,450.0,281.0,203.0,174.0,154.0,143.0,139.0,128.0,121.0
17500,0.8730000257492065,0.8560000658035278,0.7950000166893005,0.8140000104904175,0.76500004529953,0.7670000195503235,0.7410000562667847,0.7430000305175781,0.7560000419616699,0.7720000147819519,0.7540000081062317,0.7550000548362732,0.8070000410079956,0.831000030040741,0.843000054359436,,,,,,2505.0,712.0,450.0,281.0,203.0,174.0,154.0,143.0,139.0,128.0,121.0
17600,0.8730000257492065,0.8550000190734863,0.796000063419342,0.812000036239624,0.7660000324249268,0.7630000114440918,0.7410000562667847,0.7430000305175781,0.7540000081062317,0.7710000276565552,0.753000020980835,0.7550000548362732,0.8050000667572021,0.8270000219345093,0.8480000495910645,,,,,,2505.0,712.0,450.0,281.0,203.0,174.0,154.0,143.0,139.0,128.0,121.0
17625,0.8730000257492065,0.8550000190734863,0.7950000166893005,0.8130000233650208,0.7670000195503235,0.7630000114440918,0.7400000095367432,0.7420000433921814,0.7570000290870667,0.7710000276565552,0.7520000338554382,0.753000020980835,0.8030000329017639,0.8260000348091125,0.8520000576972961,0.08100000023841858,0.08500000089406967,0.10000000149011612,0.11700000613927841,0.08300000429153442,2537.0,719.0,457.0,285.0,205.0,176.0,156.0,145.0,141.0,130.0,123.0
17700,0.8760000467300415,0.8550000190734863,0.7980000376701355,0.8060000538825989,0.7600000500679016,0.753000020980835,0.7420000433921814,0.7390000224113464,0.7570000290870667,0.7550000548362732,0.7510000467300415,0.7430000305175781,0.8050000667572021,0.8260000348091125,0.8440000414848328,0.48500001430511475,,,,,2537.0,719.0,457.0,285.0,205.0,176.0,156.0,145.0,141.0,130.0,123.0
17800,0.8740000128746033,0.8530000448226929,0.7940000295639038,0.8060000538825989,0.7520000338554382,0.7540000081062317,0.7420000433921814,0.7300000190734863,0.7510000467300415,0.7520000338554382,0.7450000643730164,0.7300000190734863,0.7930000424385071,0.8220000267028809,0.8360000252723694,0.64000004529953,,,,,2537.0,719.0,457.0,285.0,205.0,176.0,156.0,145.0,141.0,130.0,123.0
17900,0.8710000514984131,0.8490000367164612,0.7980000376701355,0.7980000376701355,0.7520000338554382,0.7450000643730164,0.7390000224113464,0.7200000286102295,0.7440000176429749,0.7440000176429749,0.7500000596046448,0.7260000109672546,0.7860000133514404,0.8190000653266907,0.8340000510215759,0.7170000076293945,,,,,2537.0,719.0,457.0,285.0,205.0,176.0,156.0,145.0,141.0,130.0,123.0
18000,0.8700000643730164,0.8460000157356262,0.7970000505447388,0.7870000600814819,0.7510000467300415,0.7400000095367432,0.7310000061988831,0.7150000333786011,0.7390000224113464,0.7380000352859497,0.7390000224113464,0.7220000624656677,0.7820000648498535,0.8160000443458557,0.8290000557899475,0.7520000338554382,,,,,2537.0,719.0,457.0,285.0,205.0,176.0,156.0,145.0,141.0,130.0,123.0
18100,0.8680000305175781,0.8450000286102295,0.7970000505447388,0.7860000133514404,0.7480000257492065,0.7380000352859497,0.7300000190734863,0.7090000510215759,0.737000048160553,0.7350000143051147,0.7350000143051147,0.7190000414848328,0.781000018119812,0.8080000281333923,0.8260000348091125,0.7790000438690186,,,,,2537.0,719.0,457.0,285.0,205.0,176.0,156.0,145.0,141.0,130.0,123.0
18200,0.8650000691413879,0.8450000286102295,0.7940000295639038,0.7850000262260437,0.7480000257492065,0.7320000529289246,0.7260000109672546,0.7050000429153442,0.7320000529289246,0.7330000400543213,0.7330000400543213,0.7200000286102295,0.7760000228881836,0.8060000538825989,0.8260000348091125,0.7930000424385071,,,,,2537.0,719.0,457.0,285.0,205.0,176.0,156.0,145.0,141.0,130.0,123.0
18300,0.8670000433921814,0.8410000205039978,0.7930000424385071,0.7820000648498535,0.7480000257492065,0.7300000190734863,0.7260000109672546,0.706000030040741,0.7290000319480896,0.7320000529289246,0.7310000061988831,0.7200000286102295,0.7730000615119934,0.8040000200271606,0.8230000138282776,0.8070000410079956,,,,,2537.0,719.0,457.0,285.0,205.0,176.0,156.0,145.0,141.0,130.0,123.0
18400,0.8670000433921814,0.8400000333786011,0.7930000424385071,0.7800000309944153,0.7450000643730164,0.7290000319480896,0.7250000238418579,0.703000009059906,0.7220000624656677,0.7300000190734863,0.7300000190734863,0.7160000205039978,0.7700000405311584,0.8060000538825989,0.8210000395774841,0.8180000185966492,,,,,2537.0,719.0,457.0,285.0,205.0,176.0,156.0,145.0,141.0,130.0,123.0
18500,0.8670000433921814,0.8380000591278076,0.7890000343322754,0.7760000228881836,0.7420000433921814,0.7270000576972961,0.7220000624656677,0.7000000476837158,0.718000054359436,0.7290000319480896,0.7280000448226929,0.7140000462532043,0.7700000405311584,0.8030000329017639,0.8200000524520874,0.8240000605583191,,,,,2537.0,719.0,457.0,285.0,205.0,176.0,156.0,145.0,141.0,130.0,123.0
18600,0.8630000352859497,0.8370000123977661,0.7880000472068787,0.7730000615119934,0.7420000433921814,0.7240000367164612,0.7240000367164612,0.6970000267028809,0.7150000333786011,0.7280000448226929,0.7250000238418579,0.7100000381469727,0.7670000195503235,0.796000063419342,0.8210000395774841,0.831000030040741,,,,,2537.0,719.0,457.0,285.0,205.0,176.0,156.0,145.0,141.0,130.0,123.0
18700,0.8610000610351562,0.8360000252723694,0.7870000600814819,0.7710000276565552,0.7410000562667847,0.7250000238418579,0.7230000495910645,0.6950000524520874,0.7190000414848328,0.7260000109672546,0.7210000157356262,0.7090000510215759,0.76500004529953,0.7910000085830688,0.8190000653266907,0.8370000123977661,,,,,2537.0,719.0,457.0,285.0,205.0,176.0,156.0,145.0,141.0,130.0,123.0
18800,0.8610000610351562,0.8330000638961792,0.7860000133514404,0.7690000534057617,0.737000048160553,0.7250000238418579,0.7210000157356262,0.6950000524520874,0.7200000286102295,0.7270000576972961,0.7220000624656677,0.7080000042915344,0.76500004529953,0.7880000472068787,0.8180000185966492,0.843000054359436,0.07600000500679016,0.08300000429153442,0.07600000500679016,0.06400000303983688,2566.0,724.0,463.0,289.0,208.0,178.0,158.0,147.0,143.0,132.0,124.0
18800,0.8610000610351562,0.8340000510215759,0.7870000600814819,0.7680000066757202,0.737000048160553,0.7230000495910645,0.7220000624656677,0.6950000524520874,0.7210000157356262,0.7260000109672546,0.7220000624656677,0.7090000510215759,0.76500004529953,0.7880000472068787,0.8180000185966492,0.843000054359436,0.08000000566244125,,,,2566.0,724.0,463.0,289.0,208.0,178.0,158.0,147.0,143.0,132.0,124.0
18900,0.8690000176429749,0.8300000429153442,0.7770000100135803,0.7710000276565552,0.734000027179718,0.7220000624656677,0.7300000190734863,0.6890000104904175,0.7000000476837158,0.734000027179718,0.7210000157356262,0.7050000429153442,0.7610000371932983,0.7870000600814819,0.8110000491142273,0.8210000395774841,0.484000027179718,,,,2566.0,724.0,463.0,289.0,208.0,178.0,158.0,147.0,143.0,132.0,124.0
19000,0.8670000433921814,0.8270000219345093,0.7740000486373901,0.7700000405311584,0.7290000319480896,0.7230000495910645,0.7320000529289246,0.687000036239624,0.7010000348091125,0.7240000367164612,0.7100000381469727,0.7020000219345093,0.7570000290870667,0.7760000228881836,0.800000011920929,0.8070000410079956,0.6380000114440918,,,,2566.0,724.0,463.0,289.0,208.0,178.0,158.0,147.0,143.0,132.0,124.0
19100,0.8600000143051147,0.8270000219345093,0.7740000486373901,0.76500004529953,0.7360000610351562,0.7200000286102295,0.7300000190734863,0.6820000410079956,0.6980000138282776,0.7250000238418579,0.706000030040741,0.7020000219345093,0.753000020980835,0.7700000405311584,0.7880000472068787,0.8040000200271606,0.6990000605583191,,,,2566.0,724.0,463.0,289.0,208.0,178.0,158.0,147.0,143.0,132.0,124.0
19200,0.859000027179718,0.8240000605583191,0.7700000405311584,0.7620000243186951,0.7330000400543213,0.7160000205039978,0.7290000319480896,0.6780000329017639,0.6970000267028809,0.7200000286102295,0.706000030040741,0.7010000348091125,0.7510000467300415,0.7670000195503235,0.7790000438690186,0.8030000329017639,0.7480000257492065,,,,2566.0,724.0,463.0,289.0,208.0,178.0,158.0,147.0,143.0,132.0,124.0
19300,0.8540000319480896,0.8240000605583191,0.7690000534057617,0.7580000162124634,0.7350000143051147,0.7120000123977661,0.7250000238418579,0.6780000329017639,0.6920000314712524,0.7190000414848328,0.7050000429153442,0.6990000605583191,0.7460000514984131,0.7620000243186951,0.7720000147819519,0.8010000586509705,0.7690000534057617,,,,2566.0,724.0,463.0,289.0,208.0,178.0,158.0,147.0,143.0,132.0,124.0
19400,0.8540000319480896,0.8250000476837158,0.7720000147819519,0.7600000500679016,0.7360000610351562,0.7080000042915344,0.7220000624656677,0.675000011920929,0.687000036239624,0.7120000123977661,0.7020000219345093,0.7000000476837158,0.7450000643730164,0.7570000290870667,0.7680000066757202,0.796000063419342,0.7880000472068787,,,,2566.0,724.0,463.0,289.0,208.0,178.0,158.0,147.0,143.0,132.0,124.0
19500,0.8530000448226929,0.8220000267028809,0.7690000534057617,0.753000020980835,0.734000027179718,0.7120000123977661,0.7190000414848328,0.6760000586509705,0.6880000233650208,0.7130000591278076,0.7040000557899475,0.6990000605583191,0.7450000643730164,0.753000020980835,0.7660000324249268,0.7940000295639038,0.8020000457763672,,,,2566.0,724.0,463.0,289.0,208.0,178.0,158.0,147.0,143.0,132.0,124.0
19600,0.8540000319480896,0.8190000653266907,0.7660000324249268,0.7490000128746033,0.7300000190734863,0.7110000252723694,0.718000054359436,0.675000011920929,0.687000036239624,0.7110000252723694,0.6990000605583191,0.6970000267028809,0.7450000643730164,0.7480000257492065,0.7620000243186951,0.7950000166893005,0.8170000314712524,,,,2566.0,724.0,463.0,289.0,208.0,178.0,158.0,147.0,143.0,132.0,124.0
19700,0.8540000319480896,0.8200000524520874,0.76500004529953,0.7500000596046448,0.7280000448226929,0.7120000123977661,0.718000054359436,0.6690000295639038,0.6790000200271606,0.7070000171661377,0.6970000267028809,0.6950000524520874,0.7380000352859497,0.7470000386238098,0.7570000290870667,0.7920000553131104,0.8220000267028809,,,,2566.0,724.0,463.0,289.0,208.0,178.0,158.0,147.0,143.0,132.0,124.0
19800,0.8540000319480896,0.8190000653266907,0.7630000114440918,0.7480000257492065,0.7280000448226929,0.7110000252723694,0.7170000076293945,0.6650000214576721,0.675000011920929,0.7020000219345093,0.6950000524520874,0.6930000185966492,0.7360000610351562,0.7450000643730164,0.7550000548362732,0.7910000085830688,0.8290000557899475,,,,2566.0,724.0,463.0,289.0,208.0,178.0,158.0,147.0,143.0,132.0,124.0
19900,0.8500000238418579,0.8180000185966492,0.7620000243186951,0.7490000128746033,0.7280000448226929,0.7110000252723694,0.7160000205039978,0.6600000262260437,0.6740000247955322,0.6980000138282776,0.6920000314712524,0.6930000185966492,0.7350000143051147,0.7420000433921814,0.753000020980835,0.7870000600814819,0.8390000462532043,,,,2566.0,724.0,463.0,289.0,208.0,178.0,158.0,147.0,143.0,132.0,124.0
19975,0.8500000238418579,0.8170000314712524,0.7630000114440918,0.7510000467300415,0.7270000576972961,0.7100000381469727,0.7150000333786011,0.6600000262260437,0.6710000038146973,0.6930000185966492,0.6890000104904175,0.6920000314712524,0.7320000529289246,0.7380000352859497,0.7540000081062317,0.7830000519752502,0.8410000205039978,0.07600000500679016,0.0690000057220459,0.11000000685453415,2595.0,728.0,468.0,293.0,211.0,180.0,160.0,149.0,146.0,134.0,126.0
20000,0.8500000238418579,0.8220000267028809,0.7590000629425049,0.7410000562667847,0.7310000061988831,0.7120000123977661,0.7100000381469727,0.6610000133514404,0.6790000200271606,0.6960000395774841,0.6780000329017639,0.6780000329017639,0.7240000367164612,0.7380000352859497,0.7460000514984131,0.7850000262260437,0.8370000123977661,0.22100001573562622,,,2595.0,728.0,468.0,293.0,211.0,180.0,160.0,149.0,146.0,134.0,126.0
20100,0.8490000367164612,0.8200000524520874,0.7540000081062317,0.734000027179718,0.7170000076293945,0.7130000591278076,0.6960000395774841,0.6450000405311584,0.6710000038146973,0.690000057220459,0.6760000586509705,0.6630000472068787,0.7160000205039978,0.7250000238418579,0.7450000643730164,0.7690000534057617,0.8250000476837158,0.5480000376701355,,,2595.0,728.0,468.0,293.0,211.0,180.0,160.0,149.0,146.0,134.0,126.0
20200,0.8470000624656677,0.8230000138282776,0.753000020980835,0.7390000224113464,0.7150000333786011,0.7110000252723694,0.6950000524520874,0.6430000066757202,0.6730000376701355,0.6790000200271606,0.6630000472068787,0.6550000309944153,0.7170000076293945,0.7130000591278076,0.7430000305175781,0.7610000371932983,0.8170000314712524,0.6610000133514404,,,2595.0,728.0,468.0,293.0,211.0,180.0,160.0,149.0,146.0,134.0,126.0
20300,0.8420000672340393,0.8200000524520874,0.7500000596046448,0.7300000190734863,0.7100000381469727,0.7100000381469727,0.6890000104904175,0.6440000534057617,0.6680000424385071,0.6810000538825989,0.6600000262260437,0.6530000567436218,0.718000054359436,0.7050000429153442,0.7430000305175781,0.7560000419616699,0.8090000152587891,0.7210000157356262,,,2595.0,728.0,468.0,293.0,211.0,180.0,160.0,149.0,146.0,134.0,126.0
20400,0.8380000591278076,0.8220000267028809,0.7500000596046448,0.7280000448226929,0.7020000219345093,0.706000030040741,0.6800000071525574,0.6390000581741333,0.6660000085830688,0.6810000538825989,0.6530000567436218,0.6500000357627869,0.718000054359436,0.7040000557899475,0.7430000305175781,0.7540000081062317,0.8020000457763672,0.7620000243186951,,,2595.0,728.0,468.0,293.0,211.0,180.0,160.0,149.0,146.0,134.0,126.0
20500,0.8360000252723694,0.8210000395774841,0.7500000596046448,0.7250000238418579,0.7000000476837158,0.7050000429153442,0.6790000200271606,0.6370000243186951,0.6640000343322754,0.6790000200271606,0.6490000486373901,0.6440000534057617,0.7080000042915344,0.7000000476837158,0.7430000305175781,0.7550000548362732,0.7980000376701355,0.7930000424385071,,,2595.0,728.0,468.0,293.0,211.0,180.0,160.0,149.0,146.0,134.0,126.0
20600,0.8330000638961792,0.8180000185966492,0.7510000467300415,0.7220000624656677,0.6960000395774841,0.7020000219345093,0.6800000071525574,0.64000004529953,0.6630000472068787,0.675000011920929,0.6410000324249268,0.6440000534057617,0.7010000348091125,0.6960000395774841,0.7390000224113464,0.753000020980835,0.7940000295639038,0.8070000410079956,,,2595.0,728.0,468.0,293.0,211.0,180.0,160.0,149.0,146.0,134.0,126.0
20700,0.8320000171661377,0.815000057220459,0.7540000081062317,0.718000054359436,0.6940000057220459,0.6960000395774841,0.6740000247955322,0.6380000114440918,0.6550000309944153,0.6730000376701355,0.6410000324249268,0.6430000066757202,0.703000009059906,0.6920000314712524,0.7400000095367432,0.7500000596046448,0.7900000214576721,0.8250000476837158,,,2595.0,728.0,468.0,293.0,211.0,180.0,160.0,149.0,146.0,134.0,126.0
20800,0.8350000381469727,0.8160000443458557,0.7520000338554382,0.7140000462532043,0.690000057220459,0.6940000057220459,0.6760000586509705,0.6360000371932983,0.6520000100135803,0.6730000376701355,0.64000004529953,0.6420000195503235,0.7000000476837158,0.6930000185966492,0.7360000610351562,0.7500000596046448,0.784000039100647,0.8320000171661377,,,2595.0,728.0,468.0,293.0,211.0,180.0,160.0,149.0,146.0,134.0,126.0
20900,0.8330000638961792,0.8170000314712524,0.7510000467300415,0.7120000123977661,0.6910000443458557,0.6910000443458557,0.6770000457763672,0.6320000290870667,0.6490000486373901,0.6700000166893005,0.64000004529953,0.6420000195503235,0.7020000219345093,0.6890000104904175,0.7360000610351562,0.7440000176429749,0.781000018119812,0.8390000462532043,,,2595.0,728.0,468.0,293.0,211.0,180.0,160.0,149.0,146.0,134.0,126.0
21000,0.831000030040741,0.8170000314712524,0.7510000467300415,0.7070000171661377,0.6880000233650208,0.6880000233650208,0.6730000376701355,0.6320000290870667,0.6490000486373901,0.6660000085830688,0.6340000033378601,0.6420000195503235,0.7000000476837158,0.690000057220459,0.7330000400543213,0.7420000433921814,0.7770000100135803,0.8450000286102295,,,2595.0,728.0,468.0,293.0,211.0,180.0,160.0,149.0,146.0,134.0,126.0
21100,0.8300000429153442,0.8160000443458557,0.7510000467300415,0.7100000381469727,0.6860000491142273,0.6880000233650208,0.6740000247955322,0.6360000371932983,0.6490000486373901,0.6660000085830688,0.6320000290870667,0.6390000581741333,0.6990000605583191,0.687000036239624,0.734000027179718,0.7390000224113464,0.7770000100135803,0.8500000238418579,,,2595.0,728.0,468.0,293.0,211.0,180.0,160.0,149.0,146.0,134.0,126.0
21150,0.831000030040741,0.8160000443458557,0.7520000338554382,0.7090000510215759,0.6860000491142273,0.6880000233650208,0.675000011920929,0.6360000371932983,0.6500000357627869,0.6650000214576721,0.6330000162124634,0.64000004529953,0.6980000138282776,0.687000036239624,0.734000027179718,0.7390000224113464,0.7750000357627869,0.8540000319480896,0.07100000232458115,0.10000000149011612,2617.0,732.0,473.0,296.0,214.0,182.0,161.0,150.0,147.0,135.0,127.0
21200,0.8260000348091125,0.8140000104904175,0.7440000176429749,0.7120000123977661,0.6940000057220459,0.6840000152587891,0.6740000247955322,0.6380000114440918,0.656000018119812,0.6640000343322754,0.6210000514984131,0.6190000176429749,0.6860000491142273,0.690000057220459,0.7380000352859497,0.7260000109672546,0.7750000357627869,0.8460000157356262,0.3790000081062317,,2617.0,732.0,473.0,296.0,214.0,182.0,161.0,150.0,147.0,135.0,127.0
21300,0.831000030040741,0.8090000152587891,0.734000027179718,0.7190000414848328,0.6990000605583191,0.6760000586509705,0.6790000200271606,0.6390000581741333,0.6580000519752502,0.6680000424385071,0.6140000224113464,0.6110000014305115,0.6710000038146973,0.6850000619888306,0.7300000190734863,0.7120000123977661,0.7660000324249268,0.8320000171661377,0.6030000448226929,,2617.0,732.0,473.0,296.0,214.0,182.0,161.0,150.0,147.0,135.0,127.0
21400,0.8280000686645508,0.8060000538825989,0.734000027179718,0.7200000286102295,0.6960000395774841,0.6680000424385071,0.675000011920929,0.6350000500679016,0.6450000405311584,0.6680000424385071,0.6110000014305115,0.6110000014305115,0.6720000505447388,0.6780000329017639,0.7280000448226929,0.6980000138282776,0.7610000371932983,0.8210000395774841,0.6940000057220459,,2617.0,732.0,473.0,296.0,214.0,182.0,161.0,150.0,147.0,135.0,127.0
21500,0.8290000557899475,0.8050000667572021,0.7320000529289246,0.718000054359436,0.6930000185966492,0.6680000424385071,0.675000011920929,0.6290000081062317,0.6420000195503235,0.6650000214576721,0.609000027179718,0.609000027179718,0.6620000600814819,0.675000011920929,0.7220000624656677,0.6920000314712524,0.7560000419616699,0.8110000491142273,0.7400000095367432,,2617.0,732.0,473.0,296.0,214.0,182.0,161.0,150.0,147.0,135.0,127.0
21600,0.8270000219345093,0.8020000457763672,0.7290000319480896,0.7170000076293945,0.6910000443458557,0.6650000214576721,0.6700000166893005,0.6310000419616699,0.6360000371932983,0.6580000519752502,0.6040000319480896,0.6100000143051147,0.6540000438690186,0.6730000376701355,0.7250000238418579,0.687000036239624,0.7460000514984131,0.800000011920929,0.7680000066757202,,2617.0,732.0,473.0,296.0,214.0,182.0,161.0,150.0,147.0,135.0,127.0
21700,0.8260000348091125,0.8030000329017639,0.7270000576972961,0.7110000252723694,0.6930000185966492,0.6630000472068787,0.6660000085830688,0.6260000467300415,0.6350000500679016,0.6540000438690186,0.6000000238418579,0.6100000143051147,0.6500000357627869,0.6690000295639038,0.7210000157356262,0.6800000071525574,0.7420000433921814,0.7950000166893005,0.7930000424385071,,2617.0,732.0,473.0,296.0,214.0,182.0,161.0,150.0,147.0,135.0,127.0
21800,0.8230000138282776,0.7970000505447388,0.7210000157356262,0.7130000591278076,0.6910000443458557,0.6600000262260437,0.6650000214576721,0.6260000467300415,0.6360000371932983,0.6510000228881836,0.6010000109672546,0.6050000190734863,0.6500000357627869,0.6680000424385071,0.7200000286102295,0.6710000038146973,0.7440000176429749,0.7880000472068787,0.8080000281333923,,2617.0,732.0,473.0,296.0,214.0,182.0,161.0,150.0,147.0,135.0,127.0
21900,0.8230000138282776,0.7990000247955322,0.7240000367164612,0.7120000123977661,0.6910000443458557,0.6620000600814819,0.6670000553131104,0.6270000338554382,0.6370000243186951,0.6490000486373901,0.6000000238418579,0.6020000576972961,0.6480000019073486,0.6620000600814819,0.718000054359436,0.6670000553131104,0.7440000176429749,0.7820000648498535,0.8220000267028809,,2617.0,732.0,473.0,296.0,214.0,182.0,161.0,150.0,147.0,135.0,127.0
22000,0.8220000267028809,0.7990000247955322,0.7230000495910645,0.7110000252723694,0.690000057220459,0.6600000262260437,0.6670000553131104,0.6300000548362732,0.6360000371932983,0.6450000405311584,0.5990000367164612,0.5980000495910645,0.6410000324249268,0.656000018119812,0.7110000252723694,0.6650000214576721,0.7380000352859497,0.7780000567436218,0.831000030040741,,2617.0,732.0,473.0,296.0,214.0,182.0,161.0,150.0,147.0,135.0,127.0
22100,0.8210000395774841,0.7980000376701355,0.7210000157356262,0.7110000252723694,0.6910000443458557,0.6550000309944153,0.6630000472068787,0.628000020980835,0.64000004529953,0.6430000066757202,0.5950000286102295,0.6000000238418579,0.6390000581741333,0.6550000309944153,0.706000030040741,0.6660000085830688,0.734000027179718,0.7730000615119934,0.8380000591278076,,2617.0,732.0,473.0,296.0,214.0,182.0,161.0,150.0,147.0,135.0,127.0
22200,0.8210000395774841,0.7970000505447388,0.7220000624656677,0.7090000510215759,0.6940000057220459,0.656000018119812,0.6620000600814819,0.6300000548362732,0.6390000581741333,0.6430000066757202,0.5920000076293945,0.6000000238418579,0.6350000500679016,0.6510000228881836,0.7040000557899475,0.6650000214576721,0.7330000400543213,0.7680000066757202,0.843000054359436,,2617.0,732.0,473.0,296.0,214.0,182.0,161.0,150.0,147.0,135.0,127.0
22300,0.8210000395774841,0.7950000166893005,0.7230000495910645,0.7080000042915344,0.6920000314712524,0.6530000567436218,0.6630000472068787,0.6310000419616699,0.6390000581741333,0.6450000405311584,0.5940000414848328,0.6010000109672546,0.6290000081062317,0.6530000567436218,0.7040000557899475,0.6620000600814819,0.7320000529289246,0.7620000243186951,0.8460000157356262,,2617.0,732.0,473.0,296.0,214.0,182.0,161.0,150.0,147.0,135.0,127.0
22325,0.8200000524520874,0.7950000166893005,0.7230000495910645,0.7080000042915344,0.6920000314712524,0.6530000567436218,0.6620000600814819,0.6340000033378601,0.6370000243186951,0.6470000147819519,0.593000054359436,0.6000000238418579,0.628000020980835,0.6540000438690186,0.7040000557899475,0.6610000133514404,0.7320000529289246,0.7620000243186951,0.8470000624656677,0.10700000822544098,2646.0,735.0,478.0,300.0,217.0,185.0,164.0,152.0,149.0,137.0,129.0
22400,0.8250000476837158,0.796000063419342,0.7250000238418579,0.6980000138282776,0.6850000619888306,0.6510000228881836,0.6600000262260437,0.625,0.6300000548362732,0.6370000243186951,0.5940000414848328,0.5820000171661377,0.6190000176429749,0.6520000100135803,0.6950000524520874,0.6490000486373901,0.7100000381469727,0.7690000534057617,0.8360000252723694,0.4180000126361847,2646.0,735.0,478.0,300.0,217.0,185.0,164.0,152.0,149.0,137.0,129.0
22500,0.8250000476837158,0.7850000262260437,0.7250000238418579,0.6970000267028809,0.6850000619888306,0.6420000195503235,0.6550000309944153,0.6220000386238098,0.6200000047683716,0.6300000548362732,0.5960000157356262,0.5760000348091125,0.6190000176429749,0.6510000228881836,0.6850000619888306,0.6460000276565552,0.7020000219345093,0.7490000128746033,0.831000030040741,0.5980000495910645,2646.0,735.0,478.0,300.0,217.0,185.0,164.0,152.0,149.0,137.0,129.0
22600,0.8270000219345093,0.7820000648498535,0.7240000367164612,0.6950000524520874,0.6800000071525574,0.6350000500679016,0.659000039100647,0.6140000224113464,0.6180000305175781,0.6320000290870667,0.5940000414848328,0.5840000510215759,0.6200000047683716,0.6450000405311584,0.6810000538825989,0.6420000195503235,0.703000009059906,0.7500000596046448,0.8200000524520874,0.6670000553131104,2646.0,735.0,478.0,300.0,217.0,185.0,164.0,152.0,149.0,137.0,129.0
22700,0.8260000348091125,0.7790000438690186,0.7200000286102295,0.690000057220459,0.6720000505447388,0.6300000548362732,0.6660000085830688,0.6140000224113464,0.6170000433921814,0.6310000419616699,0.5940000414848328,0.5820000171661377,0.6160000562667847,0.6420000195503235,0.6730000376701355,0.6370000243186951,0.6990000605583191,0.7460000514984131,0.8110000491142273,0.7170000076293945,2646.0,735.0,478.0,300.0,217.0,185.0,164.0,152.0,149.0,137.0,129.0
22800,0.8250000476837158,0.7770000100135803,0.7230000495910645,0.6940000057220459,0.6660000085830688,0.6230000257492065,0.659000039100647,0.6110000014305115,0.6160000562667847,0.6290000081062317,0.5950000286102295,0.5760000348091125,0.6140000224113464,0.6350000500679016,0.6680000424385071,0.6300000548362732,0.6960000395774841,0.7390000224113464,0.8110000491142273,0.7400000095367432,2646.0,735.0,478.0,300.0,217.0,185.0,164.0,152.0,149.0,137.0,129.0
22900,0.8220000267028809,0.7750000357627869,0.7230000495910645,0.6930000185966492,0.6680000424385071,0.6240000128746033,0.6530000567436218,0.6130000352859497,0.6140000224113464,0.6230000257492065,0.5890000462532043,0.578000009059906,0.6050000190734863,0.6290000081062317,0.6710000038146973,0.6240000128746033,0.6950000524520874,0.7360000610351562,0.8060000538825989,0.7670000195503235,2646.0,735.0,478.0,300.0,217.0,185.0,164.0,152.0,149.0,137.0,129.0
23000,0.8200000524520874,0.7750000357627869,0.7240000367164612,0.690000057220459,0.6660000085830688,0.6240000128746033,0.656000018119812,0.6110000014305115,0.612000048160553,0.6220000386238098,0.5850000381469727,0.5750000476837158,0.6010000109672546,0.6270000338554382,0.6690000295639038,0.6190000176429749,0.690000057220459,0.7290000319480896,0.8020000457763672,0.7880000472068787,2646.0,735.0,478.0,300.0,217.0,185.0,164.0,152.0,149.0,137.0,129.0
23100,0.8210000395774841,0.7750000357627869,0.7250000238418579,0.6910000443458557,0.6660000085830688,0.6180000305175781,0.6540000438690186,0.6110000014305115,0.6130000352859497,0.6210000514984131,0.5830000042915344,0.5710000395774841,0.6000000238418579,0.625,0.6660000085830688,0.6180000305175781,0.6910000443458557,0.7260000109672546,0.8010000586509705,0.7940000295639038,2646.0,735.0,478.0,300.0,217.0,185.0,164.0,152.0,149.0,137.0,129.0
23200,0.8210000395774841,0.7750000357627869,0.7270000576972961,0.6880000233650208,0.6670000553131104,0.6150000095367432,0.6570000052452087,0.609000027179718,0.6100000143051147,0.6180000305175781,0.5830000042915344,0.5690000057220459,0.5960000157356262,0.6210000514984131,0.6620000600814819,0.6130000352859497,0.6880000233650208,0.7240000367164612,0.7970000505447388,0.7990000247955322,2646.0,735.0,478.0,300.0,217.0,185.0,164.0,152.0,149.0,137.0,129.0
23300,0.8210000395774841,0.7730000615119934,0.7250000238418579,0.6920000314712524,0.6680000424385071,0.6190000176429749,0.6570000052452087,0.609000027179718,0.6040000319480896,0.6170000433921814,0.581000030040741,0.5680000185966492,0.5950000286102295,0.6200000047683716,0.6600000262260437,0.6130000352859497,0.690000057220459,0.7170000076293945,0.7950000166893005,0.8110000491142273,2646.0,735.0,478.0,300.0,217.0,185.0,164.0,152.0,149.0,137.0,129.0
23400,0.8220000267028809,0.7760000228881836,0.7230000495910645,0.6940000057220459,0.6650000214576721,0.6200000047683716,0.6570000052452087,0.6100000143051147,0.6060000061988831,0.6140000224113464,0.5770000219345093,0.5680000185966492,0.5940000414848328,0.6170000433921814,0.659000039100647,0.6100000143051147,0.687000036239624,0.7160000205039978,0.7950000166893005,0.8200000524520874,2646.0,735.0,478.0,300.0,217.0,185.0,164.0,152.0,149.0,137.0,129.0
23500,0.8220000267028809,0.7720000147819519,0.7280000448226929,0.6970000267028809,0.6640000343322754,0.6170000433921814,0.656000018119812,0.6070000529289246,0.6040000319480896,0.6140000224113464,0.5760000348091125,0.5670000314712524,0.5950000286102295,0.6160000562667847,0.6550000309944153,0.6100000143051147,0.6820000410079956,0.7110000252723694,0.7930000424385071,0.8230000138282776,2667.0,737.0,482.0,303.0,219.0,187.0,166.0,154.0,150.0,138.0,131.0
